date,BTC,ETH,ADA
2018-04-17 00:00:00,7885.02,502.56,0.2426
2018-04-18 00:00:00,8173.0,526.09,0.262
2018-04-19 00:00:00,8278.0,568.14,0.27004
2018-04-20 00:00:00,8856.98,617.09,0.30108
2018-04-21 00:00:00,8915.31,604.87,0.28668
2018-04-22 00:00:00,8787.02,620.92,0.2816
2018-04-23 00:00:00,8934.01,645.09,0.28788
2018-04-24 00:00:00,9619.99,701.58,0.30853
2018-04-25 00:00:00,8869.99,618.0,0.2687
2018-04-26 00:00:00,9266.0,661.51,0.29326
2018-04-27 00:00:00,8915.35,643.46,0.28445
2018-04-28 00:00:00,9348.0,682.86,0.35676
2018-04-29 00:00:00,9419.0,690.85,0.36254
2018-04-30 00:00:00,9246.01,670.78,0.34145
2018-05-01 00:00:00,9071.48,672.0,0.35504
2018-05-02 00:00:00,9247.84,688.56,0.37199
2018-05-03 00:00:00,9750.0,779.0,0.36716
2018-05-04 00:00:00,9713.99,785.99,0.358
2018-05-05 00:00:00,9864.0,819.5,0.36502
2018-05-06 00:00:00,9659.01,794.3,0.34654
2018-05-07 00:00:00,9365.0,752.49,0.33046
2018-05-08 00:00:00,9187.56,748.99,0.32213
2018-05-09 00:00:00,9310.0,751.75,0.31884
2018-05-10 00:00:00,9002.2,722.52,0.29121
2018-05-11 00:00:00,8400.0,676.96,0.25573
2018-05-12 00:00:00,8465.94,684.11,0.2655
2018-05-13 00:00:00,8679.71,729.08,0.27718
2018-05-14 00:00:00,8663.34,727.49,0.26655
2018-05-15 00:00:00,8462.0,704.91,0.25394
2018-05-16 00:00:00,8330.0,706.29,0.25237
2018-05-17 00:00:00,8041.46,667.62,0.23919
2018-05-18 00:00:00,8239.81,692.6,0.24324
2018-05-19 00:00:00,8233.49,697.0,0.24116
2018-05-20 00:00:00,8526.98,716.16,0.25556
2018-05-21 00:00:00,8381.24,696.7,0.24563
2018-05-22 00:00:00,7977.11,640.99,0.22
2018-05-23 00:00:00,7501.95,577.19,0.1978
2018-05-24 00:00:00,7575.01,602.18,0.2073
2018-05-25 00:00:00,7457.0,585.55,0.19788
2018-05-26 00:00:00,7333.96,586.0,0.19504
2018-05-27 00:00:00,7338.99,570.4,0.19186
2018-05-28 00:00:00,7099.0,511.5,0.17249
2018-05-29 00:00:00,7461.29,567.36,0.20164
2018-05-30 00:00:00,7375.96,557.19,0.20779
2018-05-31 00:00:00,7485.01,577.81,0.2233
2018-06-01 00:00:00,7521.01,579.0,0.22038
2018-06-02 00:00:00,7640.03,590.85,0.22648
2018-06-03 00:00:00,7714.26,619.66,0.22659
2018-06-04 00:00:00,7487.0,591.02,0.21243
2018-06-05 00:00:00,7625.0,609.05,0.21839
2018-06-06 00:00:00,7658.84,607.4,0.21452
2018-06-07 00:00:00,7691.08,605.16,0.21019
2018-06-08 00:00:00,7603.44,598.68,0.2043
2018-06-09 00:00:00,7491.73,592.87,0.2011
2018-06-10 00:00:00,6764.99,524.11,0.17346
2018-06-11 00:00:00,6872.0,531.69,0.17897
2018-06-12 00:00:00,6530.0,493.0,0.16297
2018-06-13 00:00:00,6292.78,475.47,0.15791
2018-06-14 00:00:00,6635.98,519.29,0.17062
2018-06-15 00:00:00,6388.9,487.48,0.16097
2018-06-16 00:00:00,6483.98,496.74,0.16191
2018-06-17 00:00:00,6449.61,497.14,0.16044
2018-06-18 00:00:00,6712.46,517.95,0.1637
2018-06-19 00:00:00,6741.21,537.97,0.167
2018-06-20 00:00:00,6761.51,536.49,0.16182
2018-06-21 00:00:00,6718.84,526.18,0.15779
2018-06-22 00:00:00,6045.0,462.09,0.13843
2018-06-23 00:00:00,6149.98,473.41,0.1371
2018-06-24 00:00:00,6136.97,454.41,0.13093
2018-06-25 00:00:00,6252.0,458.7,0.13521
2018-06-26 00:00:00,6070.78,429.34,0.12519
2018-06-27 00:00:00,6133.73,441.64,0.12752
2018-06-28 00:00:00,5853.98,420.22,0.11825
2018-06-29 00:00:00,6197.92,434.77,0.12534
2018-06-30 00:00:00,6390.07,454.09,0.13784
2018-07-01 00:00:00,6356.81,452.1,0.14211
2018-07-02 00:00:00,6615.29,476.25,0.15448
2018-07-03 00:00:00,6513.86,461.82,0.14966
2018-07-04 00:00:00,6586.98,467.38,0.15112
2018-07-05 00:00:00,6529.2,467.87,0.14736
2018-07-06 00:00:00,6609.78,470.47,0.14501
2018-07-07 00:00:00,6756.98,485.57,0.14783
2018-07-08 00:00:00,6712.1,486.77,0.14481
2018-07-09 00:00:00,6662.12,471.71,0.13935
2018-07-10 00:00:00,6296.91,432.48,0.12814
2018-07-11 00:00:00,6378.07,444.99,0.13144
2018-07-12 00:00:00,6250.57,431.14,0.1275
2018-07-13 00:00:00,6214.57,432.46,0.13768
2018-07-14 00:00:00,6251.99,433.19,0.1365
2018-07-15 00:00:00,6353.01,449.78,0.14227
2018-07-16 00:00:00,6723.35,478.49,0.15655
2018-07-17 00:00:00,7317.44,498.76,0.17136
2018-07-18 00:00:00,7381.9,479.41,0.18053
2018-07-19 00:00:00,7466.21,468.57,0.18191
2018-07-20 00:00:00,7337.53,449.04,0.16129
2018-07-21 00:00:00,7398.78,460.23,0.16327
2018-07-22 00:00:00,7394.79,457.47,0.16916
2018-07-23 00:00:00,7721.01,450.05,0.16423
2018-07-24 00:00:00,8397.24,479.28,0.17349
2018-07-25 00:00:00,8175.64,472.1,0.17275
2018-07-26 00:00:00,7920.0,462.64,0.164
2018-07-27 00:00:00,8188.57,470.09,0.1659
2018-07-28 00:00:00,8225.04,469.29,0.1641
2018-07-29 00:00:00,8211.0,466.4,0.16268
2018-07-30 00:00:00,8173.92,456.23,0.15327
2018-07-31 00:00:00,7730.93,432.22,0.14175
2018-08-01 00:00:00,7604.58,420.41,0.13984
2018-08-02 00:00:00,7525.71,410.62,0.13039
2018-08-03 00:00:00,7418.78,417.52,0.12947
2018-08-04 00:00:00,7009.84,407.21,0.12639
2018-08-05 00:00:00,7024.19,408.79,0.13024
2018-08-06 00:00:00,6934.82,405.28,0.12937
2018-08-07 00:00:00,6720.06,378.21,0.12365
2018-08-08 00:00:00,6285.0,355.48,0.11292
2018-08-09 00:00:00,6529.79,363.3,0.12213
2018-08-10 00:00:00,6144.01,331.81,0.11485
2018-08-11 00:00:00,6232.35,317.69,0.11022
2018-08-12 00:00:00,6308.33,317.89,0.11153
2018-08-13 00:00:00,6246.35,283.81,0.10104
2018-08-14 00:00:00,6188.08,278.41,0.0935
2018-08-15 00:00:00,6267.16,281.12,0.09361
2018-08-16 00:00:00,6311.75,287.17,0.0946
2018-08-17 00:00:00,6584.49,317.51,0.11
2018-08-18 00:00:00,6387.96,294.11,0.09831
2018-08-19 00:00:00,6477.53,299.42,0.10143
2018-08-20 00:00:00,6254.84,270.51,0.09174
2018-08-21 00:00:00,6480.0,281.21,0.09469
2018-08-22 00:00:00,6360.89,270.8,0.08955
2018-08-23 00:00:00,6525.01,275.99,0.09232
2018-08-24 00:00:00,6681.64,281.19,0.09381
2018-08-25 00:00:00,6733.64,277.55,0.09413
2018-08-26 00:00:00,6700.0,274.29,0.09306
2018-08-27 00:00:00,6908.64,287.71,0.10051
2018-08-28 00:00:00,7076.11,295.44,0.10555
2018-08-29 00:00:00,7031.22,288.4,0.10535
2018-08-30 00:00:00,6984.84,283.89,0.10066
2018-08-31 00:00:00,7011.21,281.41,0.1017
2018-09-01 00:00:00,7200.01,295.71,0.10699
2018-09-02 00:00:00,7302.01,295.41,0.10499
2018-09-03 00:00:00,7263.02,289.09,0.10352
2018-09-04 00:00:00,7359.06,285.3,0.10521
2018-09-05 00:00:00,6700.0,228.53,0.08637
2018-09-06 00:00:00,6516.01,229.7,0.0884
2018-09-07 00:00:00,6395.54,215.22,0.08287
2018-09-08 00:00:00,6185.05,196.71,0.07749
2018-09-09 00:00:00,6250.81,195.81,0.07601
2018-09-10 00:00:00,6312.0,197.15,0.07343
2018-09-11 00:00:00,6294.91,185.18,0.0701
2018-09-12 00:00:00,6338.62,183.12,0.06627
2018-09-13 00:00:00,6487.38,210.68,0.06951
2018-09-14 00:00:00,6476.63,208.82,0.06749
2018-09-15 00:00:00,6514.96,221.29,0.06895
2018-09-16 00:00:00,6505.0,220.17,0.06988
2018-09-17 00:00:00,6248.69,196.16,0.06347
2018-09-18 00:00:00,6336.45,208.17,0.069
2018-09-19 00:00:00,6391.89,209.79,0.07218
2018-09-20 00:00:00,6492.0,224.0,0.08089
2018-09-21 00:00:00,6759.02,247.73,0.08773
2018-09-22 00:00:00,6723.05,241.01,0.08338
2018-09-23 00:00:00,6708.0,244.5,0.08986
2018-09-24 00:00:00,6581.39,228.06,0.08241
2018-09-25 00:00:00,6447.54,219.62,0.08108
2018-09-26 00:00:00,6465.12,214.42,0.07913
2018-09-27 00:00:00,6689.13,229.13,0.08629
2018-09-28 00:00:00,6634.58,221.84,0.0839
2018-09-29 00:00:00,6596.38,231.62,0.08446
2018-09-30 00:00:00,6626.57,232.94,0.08511
2018-10-01 00:00:00,6611.61,231.61,0.08467
2018-10-02 00:00:00,6525.79,225.69,0.08224
2018-10-03 00:00:00,6510.0,220.77,0.08088
2018-10-04 00:00:00,6593.79,222.66,0.08164
2018-10-05 00:00:00,6635.65,228.37,0.08339
2018-10-06 00:00:00,6594.27,225.4,0.08151
2018-10-07 00:00:00,6615.26,226.14,0.08464
2018-10-08 00:00:00,6673.01,230.01,0.08698
2018-10-09 00:00:00,6656.61,228.4,0.08659
2018-10-10 00:00:00,6631.0,226.74,0.08542
2018-10-11 00:00:00,6252.68,191.58,0.07079
2018-10-12 00:00:00,6298.01,196.96,0.0732
2018-10-13 00:00:00,6332.93,201.3,0.07374
2018-10-14 00:00:00,6339.34,197.01,0.0717
2018-10-15 00:00:00,6752.5,214.39,0.07671
2018-10-16 00:00:00,6759.27,215.09,0.07777
2018-10-17 00:00:00,6740.89,212.85,0.07994
2018-10-18 00:00:00,6618.96,206.24,0.07668
2018-10-19 00:00:00,6528.88,205.0,0.07683
2018-10-20 00:00:00,6588.4,207.91,0.07768
2018-10-21 00:00:00,6590.11,207.49,0.07721
2018-10-22 00:00:00,6581.2,206.67,0.07731
2018-10-23 00:00:00,6553.51,205.85,0.07597
2018-10-24 00:00:00,6565.5,205.35,0.07539
2018-10-25 00:00:00,6528.09,203.93,0.07478
2018-10-26 00:00:00,6538.63,204.92,0.07471
2018-10-27 00:00:00,6505.6,204.45,0.07352
2018-10-28 00:00:00,6489.93,204.99,0.07364
2018-10-29 00:00:00,6344.5,196.96,0.07019
2018-10-30 00:00:00,6330.87,197.27,0.07007
2018-10-31 00:00:00,6371.93,198.73,0.07061
2018-11-01 00:00:00,6410.0,199.96,0.07127
2018-11-02 00:00:00,6433.98,202.35,0.07311
2018-11-03 00:00:00,6387.09,200.31,0.07177
2018-11-04 00:00:00,6485.85,212.11,0.0773
2018-11-05 00:00:00,6468.99,210.66,0.07685
2018-11-06 00:00:00,6519.11,220.74,0.08168
2018-11-07 00:00:00,6578.46,219.07,0.079
2018-11-08 00:00:00,6479.84,212.79,0.07684
2018-11-09 00:00:00,6419.99,210.77,0.07463
2018-11-10 00:00:00,6433.05,213.25,0.07548
2018-11-11 00:00:00,6449.81,212.54,0.077
2018-11-12 00:00:00,6453.07,212.89,0.07687
2018-11-13 00:00:00,6457.66,209.84,0.07465
2018-11-14 00:00:00,5922.41,187.43,0.06657
2018-11-15 00:00:00,5753.4,184.35,0.06435
2018-11-16 00:00:00,5655.94,176.89,0.06145
2018-11-17 00:00:00,5628.29,176.2,0.06123
2018-11-18 00:00:00,5662.0,178.97,0.06234
2018-11-19 00:00:00,4910.03,150.81,0.0527
2018-11-20 00:00:00,4558.86,133.82,0.04587
2018-11-21 00:00:00,4661.07,138.23,0.04839
2018-11-22 00:00:00,4370.0,126.63,0.04407
2018-11-23 00:00:00,4420.61,125.02,0.0438
2018-11-24 00:00:00,3932.44,114.89,0.039
2018-11-25 00:00:00,4085.78,118.67,0.03832
2018-11-26 00:00:00,3862.2,110.68,0.03652
2018-11-27 00:00:00,3875.21,111.43,0.03693
2018-11-28 00:00:00,4264.85,122.9,0.04222
2018-11-29 00:00:00,4295.84,117.98,0.04194
2018-11-30 00:00:00,4041.32,113.73,0.03907
2018-12-01 00:00:00,4190.02,118.1,0.04138
2018-12-02 00:00:00,4161.01,116.57,0.04187
2018-12-03 00:00:00,3884.01,108.76,0.03848
2018-12-04 00:00:00,3951.64,109.94,0.03752
2018-12-05 00:00:00,3769.84,102.71,0.03442
2018-12-06 00:00:00,3508.75,91.0,0.03072
2018-12-07 00:00:00,3403.55,93.05,0.02975
2018-12-08 00:00:00,3410.93,90.38,0.0302
2018-12-09 00:00:00,3545.37,93.26,0.0311
2018-12-10 00:00:00,3432.88,89.91,0.02977
2018-12-11 00:00:00,3380.39,87.76,0.02931
2018-12-12 00:00:00,3445.0,89.41,0.03029
2018-12-13 00:00:00,3302.06,86.34,0.02912
2018-12-14 00:00:00,3224.17,83.82,0.02832
2018-12-15 00:00:00,3211.72,83.76,0.02807
2018-12-16 00:00:00,3228.67,84.67,0.029
2018-12-17 00:00:00,3509.08,94.02,0.03241
2018-12-18 00:00:00,3652.98,100.39,0.0343
2018-12-19 00:00:00,3662.22,98.74,0.03368
2018-12-20 00:00:00,4049.62,114.05,0.03871
2018-12-21 00:00:00,3838.66,107.69,0.04031
2018-12-22 00:00:00,3948.91,115.2,0.04156
2018-12-23 00:00:00,3929.71,129.03,0.04369
2018-12-24 00:00:00,4008.01,138.03,0.04499
2018-12-25 00:00:00,3745.79,127.6,0.04107
2018-12-26 00:00:00,3777.74,129.35,0.0406
2018-12-27 00:00:00,3567.91,113.8,0.03611
2018-12-28 00:00:00,3839.26,135.3,0.04111
2018-12-29 00:00:00,3695.32,132.89,0.04049
2018-12-30 00:00:00,3801.91,137.77,0.04263
2018-12-31 00:00:00,3702.9,131.45,0.04054
2019-01-01 00:00:00,3797.14,139.1,0.04198
2019-01-02 00:00:00,3858.56,152.01,0.04433
2019-01-03 00:00:00,3766.78,146.3,0.04205
2019-01-04 00:00:00,3792.01,151.97,0.04301
2019-01-05 00:00:00,3770.96,152.83,0.04403
2019-01-06 00:00:00,3987.6,153.86,0.04822
2019-01-07 00:00:00,3975.45,149.34,0.04755
2019-01-08 00:00:00,3955.13,147.6,0.0478
2019-01-09 00:00:00,3966.65,148.1,0.05144
2019-01-10 00:00:00,3585.88,124.95,0.04366
2019-01-11 00:00:00,3601.31,124.65,0.0433
2019-01-12 00:00:00,3583.13,123.35,0.04288
2019-01-13 00:00:00,3476.81,114.16,0.03944
2019-01-14 00:00:00,3626.09,126.95,0.04343
2019-01-15 00:00:00,3553.06,118.95,0.04201
2019-01-16 00:00:00,3591.84,121.48,0.04419
2019-01-17 00:00:00,3616.21,121.54,0.04471
2019-01-18 00:00:00,3594.87,119.17,0.04372
2019-01-19 00:00:00,3665.3,122.6,0.04515
2019-01-20 00:00:00,3539.28,117.47,0.04287
2019-01-21 00:00:00,3526.9,115.63,0.04251
2019-01-22 00:00:00,3570.93,117.81,0.04334
2019-01-23 00:00:00,3552.82,116.44,0.04266
2019-01-24 00:00:00,3569.62,116.39,0.04284
2019-01-25 00:00:00,3565.29,115.11,0.0424
2019-01-26 00:00:00,3565.25,115.34,0.04241
2019-01-27 00:00:00,3550.84,112.05,0.04087
2019-01-28 00:00:00,3434.15,105.5,0.03855
2019-01-29 00:00:00,3411.04,104.45,0.03796
2019-01-30 00:00:00,3458.18,108.29,0.03953
2019-01-31 00:00:00,3434.1,106.44,0.03824
2019-02-01 00:00:00,3462.07,106.73,0.03857
2019-02-02 00:00:00,3504.77,110.42,0.03929
2019-02-03 00:00:00,3458.11,107.36,0.03824
2019-02-04 00:00:00,3463.22,107.68,0.03799
2019-02-05 00:00:00,3471.59,107.27,0.03805
2019-02-06 00:00:00,3405.37,104.5,0.03667
2019-02-07 00:00:00,3398.4,104.48,0.03646
2019-02-08 00:00:00,3659.04,119.25,0.04072
2019-02-09 00:00:00,3665.18,119.19,0.04117
2019-02-10 00:00:00,3680.06,125.12,0.0429
2019-02-11 00:00:00,3631.05,120.89,0.04169
2019-02-12 00:00:00,3631.46,122.41,0.04173
2019-02-13 00:00:00,3609.4,121.86,0.04107
2019-02-14 00:00:00,3590.56,120.42,0.04037
2019-02-15 00:00:00,3602.47,121.67,0.04059
2019-02-16 00:00:00,3618.41,122.67,0.04101
2019-02-17 00:00:00,3667.58,133.75,0.04157
2019-02-18 00:00:00,3898.6,145.69,0.04564
2019-02-19 00:00:00,3907.79,143.44,0.04593
2019-02-20 00:00:00,3969.74,148.44,0.04748
2019-02-21 00:00:00,3937.31,145.69,0.04506
2019-02-22 00:00:00,3962.0,147.36,0.0458
2019-02-23 00:00:00,4117.76,157.79,0.04846
2019-02-24 00:00:00,3743.56,132.1,0.04156
2019-02-25 00:00:00,3827.92,137.87,0.04351
2019-02-26 00:00:00,3809.23,136.22,0.04296
2019-02-27 00:00:00,3818.07,135.02,0.04296
2019-02-28 00:00:00,3813.69,135.34,0.04287
2019-03-01 00:00:00,3823.0,135.32,0.043
2019-03-02 00:00:00,3819.93,132.56,0.04242
2019-03-03 00:00:00,3807.75,130.6,0.04206
2019-03-04 00:00:00,3715.3,125.65,0.04022
2019-03-05 00:00:00,3857.73,136.72,0.04292
2019-03-06 00:00:00,3861.84,137.4,0.04251
2019-03-07 00:00:00,3873.64,136.81,0.04275
2019-03-08 00:00:00,3864.89,133.52,0.04243
2019-03-09 00:00:00,3943.04,137.27,0.04681
2019-03-10 00:00:00,3916.82,135.37,0.04557
2019-03-11 00:00:00,3871.61,132.67,0.04732
2019-03-12 00:00:00,3882.73,133.57,0.04718
2019-03-13 00:00:00,3866.0,131.65,0.04626
2019-03-14 00:00:00,3877.12,132.2,0.04765
2019-03-15 00:00:00,3923.76,136.56,0.04988
2019-03-16 00:00:00,4005.98,140.92,0.05124
2019-03-17 00:00:00,3981.14,138.67,0.04983
2019-03-18 00:00:00,3987.81,137.59,0.04997
2019-03-19 00:00:00,4015.53,138.55,0.05205
2019-03-20 00:00:00,4043.04,139.01,0.05355
2019-03-21 00:00:00,3980.64,134.85,0.05235
2019-03-22 00:00:00,3986.93,135.98,0.05779
2019-03-23 00:00:00,4006.01,137.28,0.06349
2019-03-24 00:00:00,3992.18,136.09,0.06151
2019-03-25 00:00:00,3936.12,133.98,0.05857
2019-03-26 00:00:00,3948.55,134.18,0.0617
2019-03-27 00:00:00,4038.05,139.45,0.06697
2019-03-28 00:00:00,4027.81,137.86,0.06551
2019-03-29 00:00:00,4103.25,143.25,0.07112
2019-03-30 00:00:00,4106.97,142.46,0.0721
2019-03-31 00:00:00,4103.95,141.38,0.06989
2019-04-01 00:00:00,4144.56,141.24,0.0721
2019-04-02 00:00:00,4857.29,163.31,0.08544
2019-04-03 00:00:00,4932.6,159.96,0.09062
2019-04-04 00:00:00,4898.66,157.36,0.08716
2019-04-05 00:00:00,5004.95,164.77,0.09044
2019-04-06 00:00:00,5043.89,165.5,0.08988
2019-04-07 00:00:00,5170.27,174.21,0.0898
2019-04-08 00:00:00,5236.9,178.72,0.08604
2019-04-09 00:00:00,5150.0,174.6,0.08288
2019-04-10 00:00:00,5308.25,177.12,0.08947
2019-04-11 00:00:00,5017.37,164.07,0.08297
2019-04-12 00:00:00,5048.01,163.19,0.0825
2019-04-13 00:00:00,5045.22,162.99,0.08284
2019-04-14 00:00:00,5131.3,167.23,0.08416
2019-04-15 00:00:00,5024.95,159.95,0.0816
2019-04-16 00:00:00,5173.72,165.37,0.08271
2019-04-17 00:00:00,5202.82,165.75,0.08244
2019-04-18 00:00:00,5258.44,173.33,0.08118
2019-04-19 00:00:00,5258.68,172.64,0.07884
2019-04-20 00:00:00,5291.73,172.88,0.07597
2019-04-21 00:00:00,5256.14,168.59,0.0733
2019-04-22 00:00:00,5357.14,170.52,0.078
2019-04-23 00:00:00,5493.31,169.16,0.07351
2019-04-24 00:00:00,5415.0,164.78,0.07205
2019-04-25 00:00:00,5219.9,154.72,0.06956
2019-04-26 00:00:00,5314.1,157.95,0.06989
2019-04-27 00:00:00,5295.69,159.31,0.0705
2019-04-28 00:00:00,5307.52,157.85,0.06878
2019-04-29 00:00:00,5238.14,155.11,0.0651
2019-04-30 00:00:00,5320.81,161.83,0.0701
2019-05-01 00:00:00,5383.2,160.19,0.0688
2019-05-02 00:00:00,5492.87,161.81,0.06856
2019-05-03 00:00:00,5772.69,168.06,0.06995
2019-05-04 00:00:00,5829.45,163.7,0.06687
2019-05-05 00:00:00,5775.62,163.05,0.06603
2019-05-06 00:00:00,5747.79,173.0,0.06696
2019-05-07 00:00:00,5846.34,169.18,0.06412
2019-05-08 00:00:00,5987.29,170.85,0.0647
2019-05-09 00:00:00,6209.18,170.9,0.06169
2019-05-10 00:00:00,6373.33,172.91,0.06314
2019-05-11 00:00:00,7076.22,190.2,0.0739
2019-05-12 00:00:00,6967.31,188.11,0.07022
2019-05-13 00:00:00,7790.71,195.84,0.0727
2019-05-14 00:00:00,7947.56,216.4,0.08448
2019-05-15 00:00:00,8169.87,248.1,0.0939
2019-05-16 00:00:00,7866.59,264.25,0.08802
2019-05-17 00:00:00,7355.26,244.3,0.08275
2019-05-18 00:00:00,7257.45,233.6,0.07872
2019-05-19 00:00:00,8148.48,259.51,0.08613
2019-05-20 00:00:00,7938.15,250.37,0.08439
2019-05-21 00:00:00,7904.87,253.43,0.08403
2019-05-22 00:00:00,7628.43,243.64,0.07749
2019-05-23 00:00:00,7851.51,244.56,0.08034
2019-05-24 00:00:00,7964.87,248.87,0.08062
2019-05-25 00:00:00,8025.41,250.22,0.08006
2019-05-26 00:00:00,8614.43,264.45,0.08514
2019-05-27 00:00:00,8756.32,270.53,0.09034
2019-05-28 00:00:00,8715.64,271.03,0.09289
2019-05-29 00:00:00,8645.68,268.83,0.09082
2019-05-30 00:00:00,8269.54,254.56,0.08392
2019-05-31 00:00:00,8555.0,267.9,0.08914
2019-06-01 00:00:00,8544.07,264.33,0.09047
2019-06-02 00:00:00,8725.98,268.88,0.0963
2019-06-03 00:00:00,8115.82,249.91,0.08745
2019-06-04 00:00:00,7687.03,241.39,0.08247
2019-06-05 00:00:00,7776.5,245.63,0.08252
2019-06-06 00:00:00,7786.7,248.76,0.08308
2019-06-07 00:00:00,7980.53,248.77,0.085
2019-06-08 00:00:00,7893.62,243.25,0.08356
2019-06-09 00:00:00,7628.13,230.98,0.07887
2019-06-10 00:00:00,7982.75,246.51,0.08508
2019-06-11 00:00:00,7884.9,244.29,0.08742
2019-06-12 00:00:00,8127.64,261.15,0.09603
2019-06-13 00:00:00,8218.54,254.67,0.08966
2019-06-14 00:00:00,8650.0,262.47,0.09008
2019-06-15 00:00:00,8808.7,267.82,0.09127
2019-06-16 00:00:00,8953.33,267.73,0.09189
2019-06-17 00:00:00,9313.96,273.16,0.09334
2019-06-18 00:00:00,9081.55,264.66,0.08907
2019-06-19 00:00:00,9255.49,268.14,0.08957
2019-06-20 00:00:00,9517.12,271.22,0.08731
2019-06-21 00:00:00,10159.86,294.35,0.08899
2019-06-22 00:00:00,10729.5,310.79,0.09482
2019-06-23 00:00:00,10906.07,308.52,0.097
2019-06-24 00:00:00,11056.59,311.64,0.09789
2019-06-25 00:00:00,11820.86,318.26,0.09654
2019-06-26 00:00:00,13093.8,339.39,0.09814
2019-06-27 00:00:00,11329.99,298.35,0.0864
2019-06-28 00:00:00,12400.63,311.05,0.08873
2019-06-29 00:00:00,11903.13,317.62,0.08975
2019-06-30 00:00:00,10854.1,292.7,0.08226
2019-07-01 00:00:00,10624.93,295.07,0.0836
2019-07-02 00:00:00,10842.85,291.48,0.08054
2019-07-03 00:00:00,11940.0,301.14,0.08231
2019-07-04 00:00:00,11145.67,282.73,0.07737
2019-07-05 00:00:00,10970.73,287.47,0.07631
2019-07-06 00:00:00,11256.49,288.29,0.07745
2019-07-07 00:00:00,11406.24,304.72,0.0797
2019-07-08 00:00:00,12238.6,311.97,0.0801
2019-07-09 00:00:00,12543.41,307.46,0.07783
2019-07-10 00:00:00,12108.37,289.23,0.07178
2019-07-11 00:00:00,11342.89,268.63,0.06515
2019-07-12 00:00:00,11757.22,274.62,0.06937
2019-07-13 00:00:00,11355.76,268.79,0.06672
2019-07-14 00:00:00,10174.18,225.85,0.05923
2019-07-15 00:00:00,10838.72,228.2,0.05902
2019-07-16 00:00:00,9439.59,198.88,0.05181
2019-07-17 00:00:00,9667.92,210.81,0.05505
2019-07-18 00:00:00,10627.16,225.73,0.05843
2019-07-19 00:00:00,10504.29,220.73,0.0596
2019-07-20 00:00:00,10740.23,228.2,0.06262
2019-07-21 00:00:00,10589.45,225.38,0.06107
2019-07-22 00:00:00,10340.31,217.51,0.05949
2019-07-23 00:00:00,9864.91,212.48,0.05568
2019-07-24 00:00:00,9763.28,216.31,0.05876
2019-07-25 00:00:00,9879.87,219.14,0.05852
2019-07-26 00:00:00,9824.0,218.81,0.06261
2019-07-27 00:00:00,9476.52,207.3,0.05988
2019-07-28 00:00:00,9541.54,211.62,0.05936
2019-07-29 00:00:00,9507.64,210.89,0.06035
2019-07-30 00:00:00,9574.21,209.58,0.05975
2019-07-31 00:00:00,10080.53,218.42,0.06011
2019-08-01 00:00:00,10374.99,216.84,0.05861
2019-08-02 00:00:00,10523.75,217.61,0.05731
2019-08-03 00:00:00,10816.86,222.14,0.05774
2019-08-04 00:00:00,10929.23,221.79,0.05605
2019-08-05 00:00:00,11828.8,233.54,0.05642
2019-08-06 00:00:00,11481.69,226.28,0.0535
2019-08-07 00:00:00,11975.03,226.1,0.05197
2019-08-08 00:00:00,11999.77,221.39,0.05213
2019-08-09 00:00:00,11879.99,210.53,0.04769
2019-08-10 00:00:00,11309.31,206.48,0.05195
2019-08-11 00:00:00,11549.97,216.42,0.05472
2019-08-12 00:00:00,11396.08,211.41,0.05304
2019-08-13 00:00:00,10892.71,209.3,0.05268
2019-08-14 00:00:00,10050.37,187.1,0.04716
2019-08-15 00:00:00,10293.93,188.03,0.04733
2019-08-16 00:00:00,10331.54,184.88,0.04668
2019-08-17 00:00:00,10216.02,185.59,0.04739
2019-08-18 00:00:00,10306.78,194.33,0.05061
2019-08-19 00:00:00,10915.54,202.28,0.05002
2019-08-20 00:00:00,10760.51,196.6,0.04917
2019-08-21 00:00:00,10142.57,187.45,0.04736
2019-08-22 00:00:00,10099.88,190.35,0.04918
2019-08-23 00:00:00,10389.55,194.02,0.04964
2019-08-24 00:00:00,10134.35,190.6,0.05016
2019-08-25 00:00:00,10142.69,186.54,0.04949
2019-08-26 00:00:00,10372.25,188.67,0.04964
2019-08-27 00:00:00,10185.05,187.24,0.04988
2019-08-28 00:00:00,9721.0,173.03,0.04587
2019-08-29 00:00:00,9498.44,169.01,0.0445
2019-08-30 00:00:00,9584.54,168.5,0.04474
2019-08-31 00:00:00,9587.47,171.57,0.04473
2019-09-01 00:00:00,9724.98,170.74,0.04425
2019-09-02 00:00:00,10340.0,178.05,0.04531
2019-09-03 00:00:00,10615.28,178.75,0.04667
2019-09-04 00:00:00,10567.02,174.72,0.04543
2019-09-05 00:00:00,10564.49,173.75,0.0444
2019-09-06 00:00:00,10298.73,169.08,0.04423
2019-09-07 00:00:00,10455.88,177.62,0.04597
2019-09-08 00:00:00,10381.18,181.19,0.04657
2019-09-09 00:00:00,10303.12,180.54,0.0468
2019-09-10 00:00:00,10098.15,179.81,0.04646
2019-09-11 00:00:00,10158.33,178.28,0.04487
2019-09-12 00:00:00,10415.01,180.72,0.04541
2019-09-13 00:00:00,10342.06,180.95,0.0457
2019-09-14 00:00:00,10335.02,188.13,0.04642
2019-09-15 00:00:00,10302.01,189.03,0.04664
2019-09-16 00:00:00,10251.31,197.22,0.04702
2019-09-17 00:00:00,10187.82,207.84,0.04887
2019-09-18 00:00:00,10156.99,210.21,0.05308
2019-09-19 00:00:00,10244.29,220.24,0.05231
2019-09-20 00:00:00,10168.59,218.03,0.05253
2019-09-21 00:00:00,9986.39,215.05,0.05179
2019-09-22 00:00:00,10028.87,211.2,0.04892
2019-09-23 00:00:00,9702.25,201.29,0.04633
2019-09-24 00:00:00,8493.14,165.81,0.03724
2019-09-25 00:00:00,8430.05,169.96,0.03912
2019-09-26 00:00:00,8063.73,165.92,0.03818
2019-09-27 00:00:00,8177.91,173.79,0.03911
2019-09-28 00:00:00,8198.81,173.49,0.0386
2019-09-29 00:00:00,8043.82,169.24,0.03715
2019-09-30 00:00:00,8289.34,180.85,0.03888
2019-10-01 00:00:00,8292.44,175.66,0.03824
2019-10-02 00:00:00,8359.94,180.24,0.03923
2019-10-03 00:00:00,8223.96,174.69,0.03818
2019-10-04 00:00:00,8137.13,175.55,0.0393
2019-10-05 00:00:00,8126.19,176.25,0.03967
2019-10-06 00:00:00,7854.25,170.1,0.03881
2019-10-07 00:00:00,8190.09,179.85,0.04136
2019-10-08 00:00:00,8168.39,180.6,0.0412
2019-10-09 00:00:00,8560.74,192.62,0.04238
2019-10-10 00:00:00,8558.03,191.14,0.04161
2019-10-11 00:00:00,8258.5,180.72,0.04006
2019-10-12 00:00:00,8300.09,179.68,0.0404
2019-10-13 00:00:00,8275.01,180.99,0.04127
2019-10-14 00:00:00,8348.2,186.72,0.04173
2019-10-15 00:00:00,8159.29,180.49,0.03957
2019-10-16 00:00:00,7991.74,174.47,0.03839
2019-10-17 00:00:00,8070.58,177.16,0.03932
2019-10-18 00:00:00,7947.01,172.74,0.03795
2019-10-19 00:00:00,7948.01,171.79,0.03897
2019-10-20 00:00:00,8223.35,175.22,0.03946
2019-10-21 00:00:00,8197.27,173.98,0.03904
2019-10-22 00:00:00,8020.0,171.2,0.03859
2019-10-23 00:00:00,7466.62,162.35,0.03635
2019-10-24 00:00:00,7412.41,160.38,0.0373
2019-10-25 00:00:00,8655.02,181.5,0.04115
2019-10-26 00:00:00,9230.0,179.49,0.0405
2019-10-27 00:00:00,9529.93,183.75,0.04216
2019-10-28 00:00:00,9205.14,181.72,0.04217
2019-10-29 00:00:00,9407.62,190.46,0.04341
2019-10-30 00:00:00,9154.72,183.13,0.04171
2019-10-31 00:00:00,9140.85,182.18,0.04126
2019-11-01 00:00:00,9231.61,182.85,0.04211
2019-11-02 00:00:00,9289.52,182.91,0.04237
2019-11-03 00:00:00,9194.71,181.54,0.04168
2019-11-04 00:00:00,9393.35,185.71,0.0432
2019-11-05 00:00:00,9308.66,188.68,0.04411
2019-11-06 00:00:00,9339.05,191.16,0.04475
2019-11-07 00:00:00,9216.2,186.68,0.04342
2019-11-08 00:00:00,8773.73,183.74,0.04216
2019-11-09 00:00:00,8809.41,184.89,0.04241
2019-11-10 00:00:00,9039.47,188.96,0.04384
2019-11-11 00:00:00,8733.27,184.98,0.04315
2019-11-12 00:00:00,8821.94,187.09,0.0437
2019-11-13 00:00:00,8777.12,188.11,0.04326
2019-11-14 00:00:00,8646.68,184.92,0.04279
2019-11-15 00:00:00,8471.73,180.0,0.04388
2019-11-16 00:00:00,8491.02,182.37,0.04386
2019-11-17 00:00:00,8502.4,183.82,0.04501
2019-11-18 00:00:00,8187.17,178.2,0.04315
2019-11-19 00:00:00,8133.64,175.94,0.04212
2019-11-20 00:00:00,8098.01,174.72,0.0409
2019-11-21 00:00:00,7627.74,161.01,0.03837
2019-11-22 00:00:00,7268.23,149.56,0.03699
2019-11-23 00:00:00,7311.57,151.84,0.03798
2019-11-24 00:00:00,6903.28,139.96,0.03498
2019-11-25 00:00:00,7109.57,145.69,0.03576
2019-11-26 00:00:00,7156.14,147.47,0.03669
2019-11-27 00:00:00,7508.52,152.62,0.03898
2019-11-28 00:00:00,7419.49,150.72,0.03901
2019-11-29 00:00:00,7739.68,154.57,0.04127
2019-11-30 00:00:00,7541.89,151.37,0.04032
2019-12-01 00:00:00,7390.89,150.73,0.03956
2019-12-02 00:00:00,7294.28,148.65,0.03793
2019-12-03 00:00:00,7292.71,147.17,0.03775
2019-12-04 00:00:00,7194.32,145.38,0.03712
2019-12-05 00:00:00,7389.0,148.1,0.03761
2019-12-06 00:00:00,7527.47,148.45,0.03825
2019-12-07 00:00:00,7488.21,147.14,0.03842
2019-12-08 00:00:00,7510.11,150.44,0.03872
2019-12-09 00:00:00,7338.64,147.38,0.03723
2019-12-10 00:00:00,7224.13,145.56,0.03634
2019-12-11 00:00:00,7210.0,143.39,0.03664
2019-12-12 00:00:00,7198.08,144.87,0.0365
2019-12-13 00:00:00,7258.48,144.8,0.03723
2019-12-14 00:00:00,7064.05,141.79,0.03622
2019-12-15 00:00:00,7118.59,142.46,0.03649
2019-12-16 00:00:00,6891.72,132.73,0.03412
2019-12-17 00:00:00,6623.82,121.88,0.03168
2019-12-18 00:00:00,7277.83,132.78,0.03437
2019-12-19 00:00:00,7150.3,128.1,0.03303
2019-12-20 00:00:00,7187.83,128.19,0.03391
2019-12-21 00:00:00,7132.75,126.99,0.03303
2019-12-22 00:00:00,7501.44,132.09,0.03436
2019-12-23 00:00:00,7317.09,127.8,0.03312
2019-12-24 00:00:00,7255.77,127.75,0.03388
2019-12-25 00:00:00,7204.63,125.09,0.03334
2019-12-26 00:00:00,7202.0,125.58,0.03416
2019-12-27 00:00:00,7254.74,126.29,0.0329
2019-12-28 00:00:00,7316.14,128.11,0.03365
2019-12-29 00:00:00,7388.24,134.36,0.03412
2019-12-30 00:00:00,7246.0,131.59,0.03344
2019-12-31 00:00:00,7195.23,129.16,0.03285
2020-01-01 00:00:00,7200.85,130.77,0.03348
2020-01-02 00:00:00,6965.71,127.19,0.03269
2020-01-03 00:00:00,7344.96,134.35,0.03417
2020-01-04 00:00:00,7354.11,134.2,0.03434
2020-01-05 00:00:00,7358.75,135.37,0.0346
2020-01-06 00:00:00,7758.0,144.15,0.03732
2020-01-07 00:00:00,8145.28,142.8,0.037
2020-01-08 00:00:00,8055.98,140.72,0.03631
2020-01-09 00:00:00,7817.76,137.74,0.03616
2020-01-10 00:00:00,8197.02,144.84,0.03693
2020-01-11 00:00:00,8020.01,142.38,0.03678
2020-01-12 00:00:00,8184.98,146.54,0.03792
2020-01-13 00:00:00,8110.34,143.58,0.03682
2020-01-14 00:00:00,8810.01,165.64,0.04161
2020-01-15 00:00:00,8821.41,166.4,0.04275
2020-01-16 00:00:00,8720.01,164.21,0.04168
2020-01-17 00:00:00,8913.28,169.85,0.0449
2020-01-18 00:00:00,8915.96,174.14,0.04489
2020-01-19 00:00:00,8701.7,166.79,0.042
2020-01-20 00:00:00,8642.35,166.87,0.04378
2020-01-21 00:00:00,8736.03,169.49,0.04602
2020-01-22 00:00:00,8682.36,168.07,0.04575
2020-01-23 00:00:00,8404.52,162.81,0.04318
2020-01-24 00:00:00,8439.0,162.54,0.04495
2020-01-25 00:00:00,8340.58,160.35,0.04314
2020-01-26 00:00:00,8615.0,167.86,0.04477
2020-01-27 00:00:00,8907.57,170.08,0.04796
2020-01-28 00:00:00,9374.21,175.64,0.0529
2020-01-29 00:00:00,9301.53,173.72,0.05329
2020-01-30 00:00:00,9513.21,184.69,0.05614
2020-01-31 00:00:00,9352.89,179.99,0.0539
2020-02-01 00:00:00,9384.61,183.6,0.0561
2020-02-02 00:00:00,9331.51,188.44,0.0557
2020-02-03 00:00:00,9292.24,189.69,0.05696
2020-02-04 00:00:00,9197.02,188.91,0.05601
2020-02-05 00:00:00,9612.04,203.78,0.05933
2020-02-06 00:00:00,9772.0,213.19,0.06008
2020-02-07 00:00:00,9813.73,223.33,0.05987
2020-02-08 00:00:00,9895.05,223.05,0.06002
2020-02-09 00:00:00,10151.75,228.49,0.06188
2020-02-10 00:00:00,9851.83,222.89,0.06029
2020-02-11 00:00:00,10223.08,236.69,0.06335
2020-02-12 00:00:00,10326.46,265.74,0.06817
2020-02-13 00:00:00,10229.63,268.32,0.06867
2020-02-14 00:00:00,10344.36,285.15,0.07074
2020-02-15 00:00:00,9904.72,264.88,0.06426
2020-02-16 00:00:00,9917.27,258.85,0.06146
2020-02-17 00:00:00,9706.0,267.85,0.06019
2020-02-18 00:00:00,10164.71,282.61,0.06274
2020-02-19 00:00:00,9593.79,258.45,0.05737
2020-02-20 00:00:00,9596.42,256.96,0.05815
2020-02-21 00:00:00,9677.05,265.27,0.05853
2020-02-22 00:00:00,9650.86,261.57,0.05825
2020-02-23 00:00:00,9936.4,274.48,0.06145
2020-02-24 00:00:00,9656.13,265.52,0.05906
2020-02-25 00:00:00,9315.84,246.67,0.05603
2020-02-26 00:00:00,8785.25,223.93,0.04915
2020-02-27 00:00:00,8823.21,227.79,0.04986
2020-02-28 00:00:00,8692.91,226.76,0.04885
2020-02-29 00:00:00,8523.61,217.21,0.0471
2020-03-01 00:00:00,8531.88,217.81,0.04561
2020-03-02 00:00:00,8915.24,231.97,0.04923
2020-03-03 00:00:00,8760.07,223.91,0.04866
2020-03-04 00:00:00,8750.87,224.26,0.04898
2020-03-05 00:00:00,9054.68,228.38,0.05096
2020-03-06 00:00:00,9131.88,244.88,0.05174
2020-03-07 00:00:00,8886.66,237.23,0.04879
2020-03-08 00:00:00,8033.31,199.43,0.04291
2020-03-09 00:00:00,7929.87,202.81,0.04156
2020-03-10 00:00:00,7894.56,200.7,0.04146
2020-03-11 00:00:00,7934.52,194.61,0.03969
2020-03-12 00:00:00,4800.0,107.82,0.02329
2020-03-13 00:00:00,5578.6,134.06,0.02843
2020-03-14 00:00:00,5172.06,122.54,0.02582
2020-03-15 00:00:00,5361.3,123.78,0.02693
2020-03-16 00:00:00,5028.97,111.02,0.02423
2020-03-17 00:00:00,5312.64,115.67,0.02575
2020-03-18 00:00:00,5393.04,118.11,0.02607
2020-03-19 00:00:00,6162.37,136.3,0.0303
2020-03-20 00:00:00,6208.36,133.48,0.02946
2020-03-21 00:00:00,6186.98,132.66,0.02948
2020-03-22 00:00:00,5816.19,122.32,0.02703
2020-03-23 00:00:00,6467.31,135.92,0.02925
2020-03-24 00:00:00,6744.72,138.42,0.03023
2020-03-25 00:00:00,6677.43,136.1,0.02945
2020-03-26 00:00:00,6737.36,138.4,0.03086
2020-03-27 00:00:00,6359.11,131.33,0.02882
2020-03-28 00:00:00,6236.65,130.98,0.02975
2020-03-29 00:00:00,5881.42,124.5,0.02806
2020-03-30 00:00:00,6394.38,132.06,0.02965
2020-03-31 00:00:00,6410.44,132.72,0.03045
2020-04-01 00:00:00,6642.92,135.69,0.03097
2020-04-02 00:00:00,6794.09,141.28,0.03188
2020-04-03 00:00:00,6734.1,141.31,0.03231
2020-04-04 00:00:00,6856.99,144.1,0.03244
2020-04-05 00:00:00,6772.78,142.68,0.0319
2020-04-06 00:00:00,7329.9,171.32,0.03592
2020-04-07 00:00:00,7197.32,164.63,0.03525
2020-04-08 00:00:00,7361.28,173.11,0.03639
2020-04-09 00:00:00,7283.54,169.52,0.03607
2020-04-10 00:00:00,6858.92,157.81,0.03321
2020-04-11 00:00:00,6876.83,158.33,0.03343
2020-04-12 00:00:00,6903.79,158.59,0.03347
2020-04-13 00:00:00,6837.91,156.29,0.03311
2020-04-14 00:00:00,6868.7,158.45,0.03312
2020-04-15 00:00:00,6621.24,152.73,0.03185
2020-04-16 00:00:00,7101.94,172.29,0.03446
2020-04-17 00:00:00,7027.55,170.69,0.03432
2020-04-18 00:00:00,7248.6,187.4,0.03654
2020-04-19 00:00:00,7120.74,180.03,0.03549
2020-04-20 00:00:00,6826.83,170.2,0.03391
2020-04-21 00:00:00,6841.37,170.74,0.03454
2020-04-22 00:00:00,7125.14,182.7,0.03664
2020-04-23 00:00:00,7482.39,185.51,0.04088
2020-04-24 00:00:00,7505.0,187.59,0.04165
2020-04-25 00:00:00,7538.67,194.21,0.04222
2020-04-26 00:00:00,7693.1,197.38,0.04593
2020-04-27 00:00:00,7774.62,196.34,0.04648
2020-04-28 00:00:00,7738.98,196.24,0.04679
2020-04-29 00:00:00,8778.57,215.36,0.05146
2020-04-30 00:00:00,8620.0,206.08,0.04752
2020-05-01 00:00:00,8826.96,212.02,0.05091
2020-05-02 00:00:00,8972.05,213.9,0.0509
2020-05-03 00:00:00,8894.16,209.86,0.04898
2020-05-04 00:00:00,8871.96,206.48,0.04942
2020-05-05 00:00:00,9021.83,205.29,0.04945
2020-05-06 00:00:00,9142.92,198.97,0.04889
2020-05-07 00:00:00,9986.4,212.0,0.05123
2020-05-08 00:00:00,9800.01,211.31,0.05201
2020-05-09 00:00:00,9539.4,210.07,0.05145
2020-05-10 00:00:00,8722.77,187.54,0.04755
2020-05-11 00:00:00,8561.52,185.73,0.04779
2020-05-12 00:00:00,8810.79,189.76,0.05043
2020-05-13 00:00:00,9309.37,199.58,0.05147
2020-05-14 00:00:00,9791.98,203.29,0.05098
2020-05-15 00:00:00,9316.42,194.86,0.05026
2020-05-16 00:00:00,9381.27,200.45,0.051
2020-05-17 00:00:00,9680.04,207.0,0.05129
2020-05-18 00:00:00,9733.93,214.91,0.05434
2020-05-19 00:00:00,9775.53,214.58,0.05677
2020-05-20 00:00:00,9511.43,209.98,0.05689
2020-05-21 00:00:00,9068.65,198.74,0.05207
2020-05-22 00:00:00,9170.0,207.36,0.05576
2020-05-23 00:00:00,9179.15,206.6,0.0549
2020-05-24 00:00:00,8720.34,199.9,0.05125
2020-05-25 00:00:00,8900.35,204.15,0.0539
2020-05-26 00:00:00,8841.18,200.89,0.05355
2020-05-27 00:00:00,9204.07,208.29,0.05513
2020-05-28 00:00:00,9575.89,220.21,0.06502
2020-05-29 00:00:00,9427.07,220.67,0.06469
2020-05-30 00:00:00,9697.72,243.66,0.07691
2020-05-31 00:00:00,9448.27,231.57,0.0739
2020-06-01 00:00:00,10200.77,248.23,0.08093
2020-06-02 00:00:00,9518.04,237.71,0.07872
2020-06-03 00:00:00,9666.24,244.52,0.08558
2020-06-04 00:00:00,9789.06,243.21,0.08882
2020-06-05 00:00:00,9621.16,240.03,0.08517
2020-06-06 00:00:00,9666.3,241.94,0.08614
2020-06-07 00:00:00,9746.99,244.56,0.08657
2020-06-08 00:00:00,9782.01,246.4,0.08648
2020-06-09 00:00:00,9772.43,243.8,0.08291
2020-06-10 00:00:00,9885.0,247.78,0.0836
2020-06-11 00:00:00,9280.4,230.51,0.07527
2020-06-12 00:00:00,9465.13,237.55,0.07948
2020-06-13 00:00:00,9473.34,238.11,0.07906
2020-06-14 00:00:00,9342.1,231.77,0.07642
2020-06-15 00:00:00,9426.02,230.86,0.07824
2020-06-16 00:00:00,9525.59,235.3,0.07925
2020-06-17 00:00:00,9465.14,233.82,0.08349
2020-06-18 00:00:00,9386.32,231.27,0.08176
2020-06-19 00:00:00,9310.23,229.0,0.07987
2020-06-20 00:00:00,9358.95,228.89,0.07953
2020-06-21 00:00:00,9294.69,228.04,0.07841
2020-06-22 00:00:00,9685.69,243.13,0.08355
2020-06-23 00:00:00,9624.89,243.14,0.08276
2020-06-24 00:00:00,9296.49,234.58,0.08254
2020-06-25 00:00:00,9249.49,232.5,0.08167
2020-06-26 00:00:00,9162.21,229.64,0.08062
2020-06-27 00:00:00,9012.0,220.94,0.07738
2020-06-28 00:00:00,9116.35,224.93,0.08028
2020-06-29 00:00:00,9192.56,227.93,0.08392
2020-06-30 00:00:00,9138.55,225.6,0.08299
2020-07-01 00:00:00,9232.0,230.99,0.09681
2020-07-02 00:00:00,9086.54,226.46,0.09291
2020-07-03 00:00:00,9058.26,224.87,0.09655
2020-07-04 00:00:00,9135.46,229.17,0.10005
2020-07-05 00:00:00,9069.41,227.56,0.09813
2020-07-06 00:00:00,9344.2,241.6,0.10512
2020-07-07 00:00:00,9257.39,239.39,0.11764
2020-07-08 00:00:00,9436.06,246.95,0.12993
2020-07-09 00:00:00,9232.43,241.98,0.12403
2020-07-10 00:00:00,9288.34,241.26,0.11846
2020-07-11 00:00:00,9234.03,239.19,0.12523
2020-07-12 00:00:00,9302.75,242.79,0.12685
2020-07-13 00:00:00,9242.62,239.5,0.12427
2020-07-14 00:00:00,9255.85,240.44,0.13256
2020-07-15 00:00:00,9197.6,238.61,0.13069
2020-07-16 00:00:00,9133.72,233.57,0.12602
2020-07-17 00:00:00,9154.32,232.67,0.12224
2020-07-18 00:00:00,9170.28,235.67,0.1227
2020-07-19 00:00:00,9208.99,239.11,0.12402
2020-07-20 00:00:00,9160.78,236.01,0.11771
2020-07-21 00:00:00,9390.0,245.59,0.12321
2020-07-22 00:00:00,9518.16,263.74,0.1238
2020-07-23 00:00:00,9603.27,275.3,0.12422
2020-07-24 00:00:00,9537.8,279.15,0.12197
2020-07-25 00:00:00,9700.42,305.26,0.14362
2020-07-26 00:00:00,9931.54,311.0,0.14849
2020-07-27 00:00:00,11029.96,321.93,0.13859
2020-07-28 00:00:00,10906.27,316.77,0.14904
2020-07-29 00:00:00,11100.53,317.71,0.13972
2020-07-30 00:00:00,11099.61,334.87,0.1406
2020-07-31 00:00:00,11335.46,346.33,0.13878
2020-08-01 00:00:00,11801.17,387.0,0.1441
2020-08-02 00:00:00,11071.35,372.42,0.13375
2020-08-03 00:00:00,11219.81,385.94,0.1373
2020-08-04 00:00:00,11191.97,389.61,0.14335
2020-08-05 00:00:00,11744.91,400.72,0.14227
2020-08-06 00:00:00,11762.46,394.77,0.14444
2020-08-07 00:00:00,11594.23,379.34,0.13888
2020-08-08 00:00:00,11761.41,397.03,0.14696
2020-08-09 00:00:00,11681.68,390.14,0.14512
2020-08-10 00:00:00,11892.92,395.44,0.14383
2020-08-11 00:00:00,11392.08,379.0,0.13685
2020-08-12 00:00:00,11564.33,387.18,0.1367
2020-08-13 00:00:00,11780.0,424.54,0.13944
2020-08-14 00:00:00,11760.54,438.11,0.13826
2020-08-15 00:00:00,11852.4,432.32,0.13837
2020-08-16 00:00:00,11911.0,433.62,0.13882
2020-08-17 00:00:00,12281.13,430.89,0.14039
2020-08-18 00:00:00,11945.01,421.95,0.13691
2020-08-19 00:00:00,11754.59,407.46,0.12966
2020-08-20 00:00:00,11853.55,415.94,0.13413
2020-08-21 00:00:00,11531.34,387.97,0.12315
2020-08-22 00:00:00,11662.96,395.24,0.12515
2020-08-23 00:00:00,11648.13,390.71,0.12141
2020-08-24 00:00:00,11748.2,407.68,0.12361
2020-08-25 00:00:00,11318.42,382.93,0.11239
2020-08-26 00:00:00,11461.43,385.81,0.11435
2020-08-27 00:00:00,11330.38,383.27,0.10725
2020-08-28 00:00:00,11526.91,395.11,0.10927
2020-08-29 00:00:00,11465.84,398.65,0.11623
2020-08-30 00:00:00,11711.16,428.94,0.11747
2020-08-31 00:00:00,11649.51,433.79,0.12253
2020-09-01 00:00:00,11921.97,475.4,0.12445
2020-09-02 00:00:00,11388.54,439.5,0.11489
2020-09-03 00:00:00,10140.85,381.4,0.09446
2020-09-04 00:00:00,10446.25,385.26,0.10156
2020-09-05 00:00:00,10166.69,335.01,0.09
2020-09-06 00:00:00,10256.2,352.8,0.0926
2020-09-07 00:00:00,10373.44,353.59,0.0936
2020-09-08 00:00:00,10126.65,337.39,0.09101
2020-09-09 00:00:00,10219.2,350.85,0.09331
2020-09-10 00:00:00,10336.87,367.93,0.09709
2020-09-11 00:00:00,10387.89,373.63,0.09701
2020-09-12 00:00:00,10440.92,387.78,0.09771
2020-09-13 00:00:00,10332.83,366.42,0.09507
2020-09-14 00:00:00,10671.77,377.12,0.09663
2020-09-15 00:00:00,10785.31,364.06,0.09313
2020-09-16 00:00:00,10954.01,365.11,0.09151
2020-09-17 00:00:00,10939.99,389.36,0.09408
2020-09-18 00:00:00,10933.39,384.39,0.09093
2020-09-19 00:00:00,11080.65,385.25,0.09141
2020-09-20 00:00:00,10920.28,371.04,0.08936
2020-09-21 00:00:00,10417.22,340.36,0.07983
2020-09-22 00:00:00,10529.61,344.21,0.08146
2020-09-23 00:00:00,10241.46,320.72,0.07663
2020-09-24 00:00:00,10736.32,348.97,0.08254
2020-09-25 00:00:00,10686.67,351.92,0.09693
2020-09-26 00:00:00,10728.6,353.92,0.09547
2020-09-27 00:00:00,10774.25,357.49,0.1013
2020-09-28 00:00:00,10696.12,353.96,0.1003
2020-09-29 00:00:00,10840.48,359.79,0.1011
2020-09-30 00:00:00,10776.59,359.83,0.10136
2020-10-01 00:00:00,10619.13,352.85,0.09804
2020-10-02 00:00:00,10570.4,345.6,0.09286
2020-10-03 00:00:00,10542.06,345.95,0.09328
2020-10-04 00:00:00,10666.63,352.37,0.09686
2020-10-05 00:00:00,10792.21,353.62,0.09738
2020-10-06 00:00:00,10599.66,340.75,0.09289
2020-10-07 00:00:00,10666.39,341.58,0.09374
2020-10-08 00:00:00,10925.57,350.95,0.09632
2020-10-09 00:00:00,11050.64,365.02,0.10129
2020-10-10 00:00:00,11293.22,370.52,0.10493
2020-10-11 00:00:00,11369.02,374.16,0.10648
2020-10-12 00:00:00,11528.25,386.51,0.10945
2020-10-13 00:00:00,11420.56,381.04,0.10925
2020-10-14 00:00:00,11417.89,378.69,0.10703
2020-10-15 00:00:00,11505.12,377.64,0.10666
2020-10-16 00:00:00,11319.32,365.5,0.10414
2020-10-17 00:00:00,11360.2,368.32,0.10598
2020-10-18 00:00:00,11503.14,378.11,0.10735
2020-10-19 00:00:00,11751.47,379.3,0.10859
2020-10-20 00:00:00,11909.99,368.52,0.10238
2020-10-21 00:00:00,12780.96,390.38,0.10589
2020-10-22 00:00:00,12968.52,413.98,0.11077
2020-10-23 00:00:00,12923.07,409.11,0.10805
2020-10-24 00:00:00,13111.73,412.14,0.10797
2020-10-25 00:00:00,13028.83,405.86,0.10639
2020-10-26 00:00:00,13052.19,392.52,0.10306
2020-10-27 00:00:00,13636.17,403.45,0.10256
2020-10-28 00:00:00,13266.4,388.23,0.09869
2020-10-29 00:00:00,13455.7,387.13,0.09531
2020-10-30 00:00:00,13560.1,382.49,0.0933
2020-10-31 00:00:00,13791.0,386.46,0.093
2020-11-01 00:00:00,13761.5,396.67,0.09827
2020-11-02 00:00:00,13549.37,383.02,0.09221
2020-11-03 00:00:00,14023.53,387.88,0.09357
2020-11-04 00:00:00,14144.01,402.49,0.0955
2020-11-05 00:00:00,15590.02,416.69,0.09752
2020-11-06 00:00:00,15579.92,455.91,0.1091
2020-11-07 00:00:00,14818.3,435.21,0.10128
2020-11-08 00:00:00,15475.1,454.3,0.10655
2020-11-09 00:00:00,15328.41,444.32,0.10561
2020-11-10 00:00:00,15297.21,450.34,0.1059
2020-11-11 00:00:00,15684.24,463.09,0.10599
2020-11-12 00:00:00,16291.86,462.39,0.1046
2020-11-13 00:00:00,16320.7,476.43,0.10629
2020-11-14 00:00:00,16070.45,460.89,0.10411
2020-11-15 00:00:00,15957.0,448.08,0.10046
2020-11-16 00:00:00,16713.57,460.55,0.10387
2020-11-17 00:00:00,17659.38,482.15,0.10947
2020-11-18 00:00:00,17776.12,478.41,0.10658
2020-11-19 00:00:00,17802.82,471.25,0.1059
2020-11-20 00:00:00,18655.67,510.12,0.11828
2020-11-21 00:00:00,18703.8,552.35,0.13334
2020-11-22 00:00:00,18414.43,560.03,0.14599
2020-11-23 00:00:00,18368.0,608.58,0.15445
2020-11-24 00:00:00,19160.01,604.97,0.16721
2020-11-25 00:00:00,18719.11,569.5,0.15473
2020-11-26 00:00:00,17149.47,519.83,0.13843
2020-11-27 00:00:00,17139.52,518.68,0.14178
2020-11-28 00:00:00,17719.85,537.52,0.16489
2020-11-29 00:00:00,18184.99,576.3,0.16663
2020-11-30 00:00:00,19695.87,616.66,0.17204
2020-12-01 00:00:00,18764.96,585.26,0.15562
2020-12-02 00:00:00,19204.09,596.89,0.15845
2020-12-03 00:00:00,19421.9,615.85,0.16398
2020-12-04 00:00:00,18650.52,567.24,0.14781
2020-12-05 00:00:00,19147.66,596.8,0.15993
2020-12-06 00:00:00,19359.4,601.54,0.15873
2020-12-07 00:00:00,19166.9,591.28,0.15401
2020-12-08 00:00:00,18324.11,554.94,0.1412
2020-12-09 00:00:00,18541.28,573.09,0.14796
2020-12-10 00:00:00,18254.63,558.99,0.14188
2020-12-11 00:00:00,18036.53,544.43,0.13926
2020-12-12 00:00:00,18808.69,568.04,0.14438
2020-12-13 00:00:00,19174.99,590.7,0.15406
2020-12-14 00:00:00,19273.14,586.29,0.15877
2020-12-15 00:00:00,19426.43,588.64,0.15381
2020-12-16 00:00:00,21335.52,637.18,0.16814
2020-12-17 00:00:00,22797.16,642.7,0.16336
2020-12-18 00:00:00,23107.39,653.85,0.16502
2020-12-19 00:00:00,23821.61,658.03,0.16433
2020-12-20 00:00:00,23455.52,638.18,0.16201
2020-12-21 00:00:00,22719.71,607.58,0.15278
2020-12-22 00:00:00,23810.79,636.45,0.15646
2020-12-23 00:00:00,23232.76,585.56,0.13635
2020-12-24 00:00:00,23729.2,612.31,0.15304
2020-12-25 00:00:00,24712.47,626.82,0.15761
2020-12-26 00:00:00,26493.39,637.44,0.15839
2020-12-27 00:00:00,26281.66,685.11,0.15467
2020-12-28 00:00:00,27079.41,730.41,0.17627
2020-12-29 00:00:00,27385.0,732.0,0.19067
2020-12-30 00:00:00,28875.54,752.17,0.18389
2020-12-31 00:00:00,28923.63,736.42,0.18134
2021-01-01 00:00:00,29331.69,728.91,0.17509
2021-01-02 00:00:00,32178.33,774.56,0.17742
2021-01-03 00:00:00,33000.05,978.28,0.20615
2021-01-04 00:00:00,31988.71,1041.43,0.22528
2021-01-05 00:00:00,33949.53,1099.56,0.25873
2021-01-06 00:00:00,36769.36,1208.42,0.33309
2021-01-07 00:00:00,39432.28,1224.87,0.29928
2021-01-08 00:00:00,40582.81,1216.93,0.30389
2021-01-09 00:00:00,40088.22,1276.0,0.33062
2021-01-10 00:00:00,38150.02,1254.25,0.30153
2021-01-11 00:00:00,35404.47,1087.01,0.2757
2021-01-12 00:00:00,34051.24,1050.16,0.28888
2021-01-13 00:00:00,37371.38,1129.89,0.3123
2021-01-14 00:00:00,39144.5,1231.62,0.31201
2021-01-15 00:00:00,36742.22,1168.53,0.30188
2021-01-16 00:00:00,35994.98,1227.83,0.35071
2021-01-17 00:00:00,35828.61,1232.45,0.38081
2021-01-18 00:00:00,36631.27,1258.45,0.37123
2021-01-19 00:00:00,35891.49,1365.36,0.3672
2021-01-20 00:00:00,35468.23,1376.99,0.37532
2021-01-21 00:00:00,30850.13,1110.96,0.30785
2021-01-22 00:00:00,32945.17,1232.62,0.34867
2021-01-23 00:00:00,32078.0,1233.6,0.34583
2021-01-24 00:00:00,32259.9,1392.51,0.35345
2021-01-25 00:00:00,32254.2,1317.88,0.34308
2021-01-26 00:00:00,32467.77,1365.97,0.3433
2021-01-27 00:00:00,30366.15,1239.03,0.31144
2021-01-28 00:00:00,33364.86,1329.69,0.34409
2021-01-29 00:00:00,34252.2,1379.5,0.34752
2021-01-30 00:00:00,34262.88,1378.05,0.364
2021-01-31 00:00:00,33092.98,1312.55,0.34475
2021-02-01 00:00:00,33526.37,1374.17,0.40876
2021-02-02 00:00:00,35466.24,1511.87,0.42498
2021-02-03 00:00:00,37618.87,1664.49,0.44189
2021-02-04 00:00:00,36936.66,1595.67,0.43934
2021-02-05 00:00:00,38290.24,1719.19,0.53917
2021-02-06 00:00:00,39186.94,1676.35,0.63444
2021-02-07 00:00:00,38795.69,1611.62,0.66109
2021-02-08 00:00:00,46374.87,1750.15,0.67638
2021-02-09 00:00:00,46420.42,1769.13,0.70562
2021-02-10 00:00:00,44807.58,1740.78,0.93966
2021-02-11 00:00:00,47969.51,1785.62,0.92796
2021-02-12 00:00:00,47287.6,1840.26,0.92426
2021-02-13 00:00:00,47153.69,1814.96,0.91299
2021-02-14 00:00:00,48577.79,1800.42,0.84364
2021-02-15 00:00:00,47911.1,1779.25,0.86143
2021-02-16 00:00:00,49133.45,1781.99,0.87
2021-02-17 00:00:00,52119.71,1849.88,0.89206
2021-02-18 00:00:00,51552.6,1939.61,0.91442
2021-02-19 00:00:00,55906.0,1955.0,0.92581
2021-02-20 00:00:00,55841.19,1913.0,1.11568
2021-02-21 00:00:00,57408.57,1933.53,1.09894
2021-02-22 00:00:00,54087.67,1777.58,1.09703
2021-02-23 00:00:00,48891.0,1577.89,0.96197
2021-02-24 00:00:00,49676.2,1623.39,1.04902
2021-02-25 00:00:00,47073.73,1481.75,1.07691
2021-02-26 00:00:00,46276.87,1444.59,1.24303
2021-02-27 00:00:00,46106.43,1458.13,1.31402
2021-02-28 00:00:00,45135.66,1419.18,1.31203
2021-03-01 00:00:00,49587.03,1569.86,1.29627
2021-03-02 00:00:00,48440.65,1486.78,1.2228
2021-03-03 00:00:00,50349.37,1567.69,1.21311
2021-03-04 00:00:00,48374.09,1539.23,1.11239
2021-03-05 00:00:00,48751.71,1528.31,1.15908
2021-03-06 00:00:00,48882.2,1650.35,1.129
2021-03-07 00:00:00,50971.75,1726.16,1.13042
2021-03-08 00:00:00,52375.17,1833.18,1.11848
2021-03-09 00:00:00,54884.5,1870.51,1.1972
2021-03-10 00:00:00,55851.59,1795.12,1.13261
2021-03-11 00:00:00,57773.16,1825.78,1.1243
2021-03-12 00:00:00,57221.72,1766.1,1.03207
2021-03-13 00:00:00,61188.39,1922.35,1.1
2021-03-14 00:00:00,58968.31,1848.1,1.05243
2021-03-15 00:00:00,55605.2,1793.48,1.03103
2021-03-16 00:00:00,56900.75,1805.12,1.24924
2021-03-17 00:00:00,58912.97,1823.58,1.377
2021-03-18 00:00:00,57648.16,1776.08,1.22925
2021-03-19 00:00:00,58030.01,1809.1,1.29474
2021-03-20 00:00:00,58102.28,1806.1,1.20046
2021-03-21 00:00:00,57351.56,1782.98,1.18561
2021-03-22 00:00:00,54083.25,1680.97,1.1015
2021-03-23 00:00:00,54340.89,1668.08,1.11639
2021-03-24 00:00:00,52303.65,1581.84,1.06902
2021-03-25 00:00:00,51293.78,1585.74,1.0956
2021-03-26 00:00:00,55025.59,1698.84,1.2142
2021-03-27 00:00:00,55817.14,1712.63,1.17678
2021-03-28 00:00:00,55777.63,1687.01,1.18983
2021-03-29 00:00:00,57635.47,1816.74,1.20239
2021-03-30 00:00:00,58746.57,1840.46,1.21189
2021-03-31 00:00:00,58740.55,1919.37,1.19191
2021-04-01 00:00:00,58720.44,1968.05,1.18377
2021-04-02 00:00:00,58950.01,2133.69,1.18998
2021-04-03 00:00:00,58960.99,2131.03,1.1909
