,Port Returns,Port Risk,Sharpe Ratio,Portfolio Weights
0,0.7137979179784649,0.7196998440040278,0.9917994618524194,[0.31869007 0.32355074 0.35775919]
1,0.7400327367554013,0.7928845016765094,0.9333424164435602,[0.11235013 0.35953188 0.52811799]
2,0.721321397388416,0.7381855675389418,0.9771545653395125,[0.26395706 0.32917337 0.40686957]
3,0.700228911283693,0.7042201376936901,0.9943324165323243,[0.34832566 0.38646821 0.26520612]
4,0.7058504204285045,0.7055647938314036,1.000404819797697,[0.35752668 0.33768589 0.30478743]
5,0.7312292734595874,0.7723697066171327,0.9467347918942415,[0.15736622 0.37307771 0.46955607]
6,0.7314017233524873,0.805025738506774,0.9085445202151544,[0.02696142 0.50979757 0.46324102]
7,0.728770213606526,0.7352413991106437,0.9911985566754739,[0.31473973 0.22371991 0.46154036]
8,0.7407105080268193,0.7373662347048225,1.0045354305155232,[0.3874043 0.0639227 0.548673 ]
9,0.6658166100214095,0.674531529498908,0.9870800413377672,[0.46385219 0.50333943 0.03280838]
10,0.7057497078165982,0.7257622405646383,0.9724254974570314,[0.26648864 0.43466854 0.29884283]
11,0.7191286859715458,0.735002477161128,0.9784030779720728,[0.26929349 0.33876171 0.39194481]
12,0.7032641830018499,0.7268991079670967,0.9674852744951826,[0.25587879 0.46315596 0.28096525]
13,0.7093309852456848,0.6970386042209606,1.0176351509805726,[0.41208649 0.25580412 0.33210939]
14,0.6779013251428371,0.6974011587595604,0.9720392870418986,[0.35401817 0.53555185 0.11042998]
15,0.6867282459338729,0.6814767480904259,1.0077060557945114,[0.43049407 0.39335155 0.17615438]
16,0.7158818790809349,0.7396379406122127,0.9678814995460964,[0.2367672  0.39571667 0.36751612]
17,0.6843745730896968,0.6971266425070489,0.9817076716914844,[0.35674803 0.4876967  0.15555527]
18,0.7201470381007471,0.7668845469549979,0.9390553518911975,[0.13770905 0.47085289 0.39143806]
19,0.6875329098664619,0.6905447510299308,0.9956384562202857,[0.38886209 0.43179228 0.17934563]
20,0.696674648957959,0.7386529027026508,0.9431691751415341,[0.19726597 0.57092147 0.23181255]
21,0.724427672194471,0.6894197163937993,1.0507788723882028,[0.55062884 0.00440705 0.44496411]
22,0.7816013011408502,0.8593857397715096,0.9094883298257423,[0.10795967 0.07540896 0.81663137]
23,0.7082181250214209,0.7392030323428163,0.958083360097709,[0.21619104 0.47071646 0.3130925 ]
24,0.6674167737257795,0.6751753653966929,0.9885087755440323,[0.45902875 0.49732483 0.04364642]
25,0.6763805679723743,0.6925263491930446,0.9766856795564763,[0.37531816 0.52358901 0.10109282]
26,0.7391657730260363,0.7383068970112513,1.0011633048780417,[0.36916206 0.09394681 0.53689113]
27,0.7153920228779429,0.7307310016788772,0.979008720355791,[0.27418487 0.35954617 0.36626896]
28,0.7627693635335342,0.8051257460769159,0.9473915934873913,[0.20949302 0.09884668 0.6916603 ]
29,0.7022452717090224,0.680222803553712,1.0323753747158397,[0.47356713 0.24000406 0.28642881]
30,0.7452539255263748,0.8261178682347802,0.9021157321276774,[0.00240127 0.43954494 0.55805378]
31,0.6678507872144085,0.6996597620917583,0.9545365095996786,[0.35092701 0.60863965 0.04043334]
32,0.689564022250321,0.7024688741742976,0.981629290067627,[0.33780449 0.47168183 0.19051367]
33,0.7223613559047166,0.7784919277350859,0.9278983251712405,[0.09884371 0.49657507 0.40458122]
34,0.7077821590895919,0.7169601830659629,0.9871986977894327,[0.31077957 0.37370694 0.31551349]
35,0.6795913005959906,0.7021538336114018,0.9678666811525263,[0.33375544 0.54524214 0.12100242]
36,0.732980906525567,0.7332181335360454,0.9996764577966255,[0.35136049 0.1557387  0.49290082]
37,0.7120190076862374,0.7290088601058874,0.9766945871999659,[0.27027637 0.38711133 0.34261229]
38,0.7154637866514266,0.7932921139646689,0.9018919689945278,[0.02491186 0.62268203 0.35240611]
39,0.7650905066009358,0.8223873015025032,0.9303286969571563,[0.14281914 0.15323745 0.70394341]
40,0.7331558447583281,0.7274141335535782,1.0078933181799759,[0.38422799 0.11976234 0.49600967]
41,0.6914908704330679,0.7276681376383926,0.9502832880346582,[0.23502733 0.56699497 0.1979777 ]
42,0.7052376178491937,0.677991005166364,1.0401872775231642,[0.49816616 0.19320073 0.30863311]
43,0.6649273300216233,0.6460560826336796,1.0292099213910564,[0.61213499 0.35269121 0.0351738 ]
44,0.6601911900161465,0.6418991456356625,1.0284967576368553,[0.64346848 0.35245327 0.00407825]
45,0.7147226918111352,0.6929307955338576,1.0314488783262814,[0.4599014  0.16777963 0.37231898]
46,0.6834457450374206,0.6631684147858353,1.0305764415184546,[0.51932529 0.3222052  0.15846951]
47,0.6960548281410318,0.6946771049963973,1.001983256875353,[0.38323452 0.37854446 0.23822103]
48,0.6717390778139422,0.7354166882879946,0.9134128834874689,[0.20704465 0.73380054 0.05915481]
49,0.7269172177084389,0.7484156271402829,0.9712747721289706,[0.24263116 0.31285516 0.44451367]
50,0.7619887932915097,0.7974562559660936,0.9555242530117014,[0.24283501 0.06900619 0.68815881]
51,0.7037938135347739,0.7526112647100441,0.9351359015413117,[0.15370531 0.56753676 0.27875793]
52,0.6856664302575413,0.6624083395836279,1.0351114098118583,[0.5266603  0.29902106 0.17431864]
53,0.6834563322750961,0.673423524057166,1.0148982146591576,[0.46633595 0.37817387 0.15549018]
54,0.7286332063852273,0.7775908300991013,0.9370393504928105,[0.12472226 0.42563661 0.44964113]
55,0.7107886963444314,0.7360308148902884,0.9657050791418026,[0.23625162 0.43164302 0.33210536]
56,0.6671316029514089,0.7205272489926309,0.9258936478587391,[0.26846022 0.70085359 0.03068618]
57,0.6797240977534901,0.7245403390549336,0.9381452779290379,[0.24340749 0.63987281 0.1167197 ]
58,0.724989900351385,0.7214932949064343,1.0048463450313896,[0.36289447 0.1990517  0.43805382]
59,0.7483844430812143,0.7796344555176673,0.9599170967685062,[0.22251018 0.18500797 0.59248184]
60,0.7203556531844922,0.748658715943733,0.9621949732815668,[0.21391923 0.38880281 0.39727796]
61,0.6885774396774055,0.7040436583568831,0.9780323016962142,[0.32997043 0.48682078 0.18320879]
62,0.7094261827979048,0.724391640430015,0.9793406538716731,[0.28254812 0.39214427 0.32530761]
63,0.6660035709097821,0.6274507748888637,1.0614435387823802,[0.73260679 0.21780228 0.04959092]
64,0.6681295677678333,0.6293995492902164,1.0615348684651797,[0.71741644 0.21909904 0.06348452]
65,0.7599485322743752,0.8054452114818904,0.9435136263038816,[0.1838724  0.14553898 0.67058861]
66,0.6639826412990052,0.6744636434728399,0.9844602414447906,[0.46660144 0.5131719  0.02022666]
67,0.7268807306294937,0.7282356006589005,0.9981395168978543,[0.3391361  0.21104375 0.44982015]
68,0.6921177951707249,0.693975915495163,0.9973225002727764,[0.3792508  0.41010727 0.21064194]
69,0.7187231055776795,0.7442903911323452,0.9656487765269034,[0.22670566 0.38662061 0.38667373]
70,0.6654265817138645,0.6476601405363251,1.0274317347410433,[0.60236245 0.3595586  0.03807895]
71,0.710433229504584,0.6685567510637089,1.0626371334583748,[0.58624964 0.06394989 0.34980047]
72,0.6907826248300755,0.6678823259559737,1.0342879246599666,[0.50670274 0.28458752 0.20870974]
73,0.6791898029297122,0.6737313933846062,1.0081017592451567,[0.46192826 0.412474   0.12559774]
74,0.6769621266258649,0.6840455521706352,0.9896448043229095,[0.41300585 0.47969009 0.10730406]
75,0.7316238687345649,0.7832543042725428,0.9340821553659633,[0.11372598 0.41649104 0.46978297]
76,0.7317995091001217,0.786458121506416,0.9305002886846678,[0.10141284 0.42829345 0.47029371]
77,0.6715371876982392,0.6610789171531848,1.0158200031398537,[0.52526133 0.39865291 0.07608576]
78,0.7162622854480057,0.7650045937339407,0.9362849469334207,[0.13355425 0.50223346 0.3642123 ]
79,0.683398710912387,0.6969482843704952,0.9805587103635006,[0.35699715 0.49421229 0.14879056]
80,0.7115941430769942,0.7688576897316411,0.925521266913993,[0.10698855 0.56275809 0.33025336]
81,0.6968555451975997,0.694469228341625,1.0034361736396489,[0.38593735 0.37012353 0.24393912]
82,0.6817224161099298,0.6516439296453397,1.046157855688091,[0.58190922 0.26798715 0.15010363]
83,0.6716481712024457,0.6688742963739143,1.0041470794192109,[0.48594829 0.43945992 0.07459179]
84,0.720101225653302,0.7171353616322935,1.0041357101876245,[0.35883496 0.23730549 0.40385955]
85,0.7193908969477817,0.7899003271510853,0.910736294466913,[0.04677727 0.57227625 0.38094649]
86,0.6905502066754615,0.6751022739633111,1.022882359174204,[0.4680844  0.32704533 0.20487027]
87,0.6741644807254112,0.6513485131340018,1.0350288165726043,[0.57767668 0.32496661 0.09735671]
88,0.725536825654805,0.785550335983283,0.9236032274706389,[0.08167672 0.49267192 0.42565137]
89,0.7152188216402166,0.7056711282572545,1.0135299475926431,[0.39352135 0.23453754 0.37194111]
90,0.6922680587329678,0.7006484516479062,0.9880390902238805,[0.34925946 0.44078265 0.20995789]
91,0.6977404201792075,0.7506110856260393,0.9295631699833802,[0.15263217 0.61072313 0.23664471]
92,0.6810926672319082,0.6859720430074966,0.9928869174402563,[0.40495946 0.45950623 0.13553431]
93,0.7117711974660925,0.7483190753464184,0.9511600344232748,[0.18801773 0.47583062 0.33615165]
94,0.755343714291457,0.836278832332318,0.9032199370452326,[0.01392789 0.35726302 0.62880908]
95,0.7541792101178345,0.8203909061807029,0.9192925036540028,[0.07406758 0.30174802 0.6241844 ]
96,0.6928055947974366,0.6836815965663594,1.013345391007891,[0.42941874 0.35227102 0.21831024]
97,0.7526731016755165,0.8110666644490011,0.9280039911230301,[0.1054186  0.27905333 0.61552807]
98,0.7722593547885283,0.8200994678375696,0.9416654748293086,[0.22110662 0.02063941 0.75825397]
99,0.7170398489145358,0.7032406158299725,1.0196223494120533,[0.41541008 0.19873751 0.3858524 ]
100,0.6730507483267878,0.6316190563873196,1.0655960131672493,[0.70254935 0.20063647 0.09681418]
101,0.7212933174775983,0.7283476253750193,0.9903146414546367,[0.30959594 0.28110015 0.4093039 ]
102,0.6649483753527043,0.6193340062816489,1.0736506773540735,[0.79916144 0.1547434  0.04609516]
103,0.726360615230233,0.7825963953899614,0.9281420404042283,[0.09611585 0.47167825 0.43220591]
104,0.729343802452524,0.7953128536204748,0.9170527033888083,[0.05694796 0.49237927 0.45067277]
105,0.6920669958642796,0.6714374594984583,1.030724434679636,[0.49047811 0.2928247  0.21669719]
106,0.6773700639839314,0.773081595238857,0.8761947874009938,[0.06888972 0.84079796 0.09031233]
107,0.7207909923541903,0.738921363584467,0.9754637338642812,[0.25840939 0.33872524 0.40286536]
108,0.753800787021158,0.765103770886154,0.9852268616426962,[0.34601095 0.01676598 0.63722307]
109,0.7224352137354764,0.7052519564085203,1.0243647070678987,[0.43562492 0.1398778  0.42449728]
110,0.7127653373216034,0.7140862666985087,0.9981501823539998,[0.34124462 0.30686983 0.35188555]
111,0.7135978370226268,0.6892413017818841,1.0353381829814523,[0.4748646  0.15976843 0.36536697]
112,0.7387288784239119,0.8002461213484753,0.9231270964226579,[0.07558681 0.40747082 0.51694237]
113,0.7203884164100601,0.7279890701487121,0.9895593848172758,[0.30714071 0.28998296 0.40287633]
114,0.779984818541506,0.8609770660436438,0.9059298433182282,[0.08461173 0.11133134 0.80405693]
115,0.6843067955102913,0.6838088628351245,1.0007281752288237,[0.41695932 0.42448728 0.1585534 ]
116,0.7146553933871073,0.7006832186725707,1.0199407868523047,[0.41695431 0.21366853 0.36937716]
117,0.6941081801977962,0.7172447459912562,0.9677424394911607,[0.2803123  0.5009192  0.21876849]
118,0.6976557289490123,0.6402096323002598,1.089730134865903,[0.72000304 0.01125263 0.26874434]
119,0.6677850718175695,0.673953291008587,0.9908477052144272,[0.46439069 0.48909549 0.04651382]
120,0.7301933625342983,0.7184426309858936,1.016355838367052,[0.41335421 0.10953769 0.4771081 ]
121,0.7376534670406226,0.7273569068882555,1.0141561316801369,[0.42049644 0.05016051 0.52934305]
122,0.6770051614713783,0.7694871397277651,0.8798134842265126,[0.0814351  0.83006468 0.08850022]
123,0.677866585211406,0.7369434215115942,0.9198353162865451,[0.19695513 0.7019051  0.10113977]
124,0.7191602856357668,0.7254724153377595,0.9912992836549768,[0.31358335 0.29170065 0.394716  ]
125,0.7055769955742411,0.7121194242323025,0.9908127366907392,[0.32626441 0.37264869 0.3010869 ]
126,0.669952517308481,0.6841621316682116,0.979230633059034,[0.41557529 0.5256666  0.05875811]
127,0.6755961413161797,0.6698837677203798,1.0085274100837511,[0.48006116 0.41826067 0.10167817]
128,0.737768818341183,0.7981504391760685,0.924348070399839,[0.07972959 0.40975866 0.51051175]
129,0.7202018596929113,0.6924425237166105,1.040089011037776,[0.49688175 0.09060633 0.41251192]
130,0.6604513935803108,0.646545338782257,1.0215082438367669,[0.615693   0.38002141 0.00428559]
131,0.729932060965455,0.7448692366159917,0.9799465799951712,[0.27435067 0.25836484 0.46728449]
132,0.7008145443024976,0.7064120562041395,0.9920761376416481,[0.33972124 0.39150012 0.26877864]
133,0.7781448581728886,0.8588915633826882,0.9059873112598941,[0.07803821 0.13106533 0.79089647]
134,0.7110459316231938,0.7811883868184287,0.9102105761186411,[0.05985904 0.61641116 0.3237298 ]
135,0.7369952855427506,0.787935556980721,0.935349698352023,[0.11831084 0.37432817 0.507361  ]
136,0.7595231695451502,0.8436875291577292,0.900242261851847,[0.00791059 0.33459338 0.65749603]
137,0.6844799724627654,0.6294038613830557,1.087505200490326,[0.74435472 0.07702663 0.17861865]
138,0.7212471688480909,0.7321058685801529,0.9851678559097998,[0.29162798 0.30042389 0.40794813]
139,0.7309460747953225,0.7123729482095196,1.0260721952349323,[0.45528503 0.05996221 0.48475276]
140,0.6901431780229371,0.6828666368996043,1.010655874412565,[0.42860442 0.3716274  0.19976818]
141,0.6791522012474883,0.6670119545599833,1.0182009431832653,[0.49540528 0.37732948 0.12726524]
142,0.7247220195688214,0.8025300457455201,0.903046587988593,[0.01467872 0.56919013 0.41613116]
143,0.751924505092111,0.8201461248234057,0.9168177259314806,[0.0616075  0.33058883 0.60780367]
144,0.6990071763542205,0.6966833289672517,1.0033355863278852,[0.38047069 0.3609583  0.25857101]
145,0.6914980173906278,0.7120795878606914,0.9710965307517141,[0.29876745 0.49953294 0.20169961]
146,0.743408214286037,0.7551360126435165,0.9844692900866643,[0.31038565 0.12663835 0.56297601]
147,0.7949964891666221,0.901275898982,0.8820789394951962,[0.03179683 0.06290677 0.90529639]
148,0.7395749645486119,0.8149609472377439,0.9074974292392196,[0.02069384 0.4596488  0.51965737]
149,0.7152168827514401,0.7475339129683307,0.9567684761102475,[0.20115325 0.43800202 0.36084473]
150,0.6750454389714396,0.6162222905647669,1.0954576770547548,[0.84016605 0.04123463 0.11859931]
151,0.7100421717697383,0.6885138526616988,1.031267808229005,[0.46078469 0.19935984 0.33985547]
152,0.6689412914770092,0.633891971436283,1.0552922605429296,[0.68559937 0.24711035 0.06729028]
153,0.6997806421500435,0.7291886215947238,0.9596702710742175,[0.23963052 0.50453963 0.25582985]
154,0.7111632659386743,0.7195695425710744,0.9883176313961762,[0.30978338 0.35127283 0.33894379]
155,0.7229962243182502,0.6996639425446601,1.0333478408058747,[0.47222611 0.0972707  0.43050318]
156,0.7376795148176358,0.7407085522401515,0.9959106217778169,[0.34446118 0.13039544 0.52514337]
157,0.7332112276139021,0.7552179744451082,0.9708604037829272,[0.24340907 0.26830954 0.48828139]
158,0.6892251564169147,0.6710028527397096,1.0271568199789365,[0.48682857 0.31642604 0.19674539]
159,0.7077966725894842,0.7024158236167737,1.0076604894021384,[0.3792051  0.30123838 0.31955651]
160,0.6926159583849044,0.694195806840143,0.9977242034024524,[0.37904427 0.40686508 0.21409065]
161,0.7254276216784662,0.7559707215484781,0.9595975095339015,[0.20251211 0.36563344 0.43185445]
162,0.7749180901591874,0.8578450586536136,0.9033310646743365,[0.05528286 0.17754722 0.76716992]
163,0.7301671215352525,0.7162626128204065,1.0194125848061435,[0.42579596 0.09656142 0.47764262]
164,0.6836055256988786,0.693474433936859,0.985768893912996,[0.3723969  0.47648862 0.15111448]
165,0.6932492332039524,0.6905530666548415,1.0039043582300946,[0.39715452 0.38331223 0.21953324]
166,0.7963226482789909,0.8969608794767419,0.8878008690228942,[0.06804889 0.01535363 0.91659747]
167,0.7423820550834384,0.8082507084803059,0.9185046759554155,[0.06023757 0.39832668 0.54143575]
168,0.6943952250040348,0.7713590565248588,0.9002230791616516,[0.07389036 0.71723971 0.20886993]
169,0.7448644942749015,0.8236816502451874,0.9043111426036696,[0.01017998 0.43402336 0.55579666]
170,0.7281336261456701,0.7643746322202647,0.9525873772533162,[0.17785588 0.37291226 0.44923186]
171,0.7289660064776333,0.7768260863203553,0.9383902257075015,[0.12917836 0.41861191 0.45220973]
172,0.6666444913657321,0.6887299638421317,0.9679330454084005,[0.39881432 0.56637324 0.03481244]
173,0.6905515000092348,0.6832292425446578,1.0107171312476404,[0.42751616 0.36994184 0.20254199]
174,0.6812524931825573,0.6951588305057679,0.9799954532504566,[0.36398334 0.50173283 0.13428382]
175,0.7140491833850475,0.746632508657541,0.9563596215076692,[0.20135294 0.44590254 0.35274452]
176,0.7566711635480188,0.8381765834280981,0.9027586531387856,[0.01377956 0.34819844 0.63802199]
177,0.7188702220488419,0.6917212165898721,1.03924847873369,[0.49220081 0.1048075  0.40299169]
178,0.689582813020541,0.7693805548017942,0.8962831315618439,[0.07876873 0.74551089 0.17572037]
179,0.7118804402424094,0.7144038909876098,0.9964677533576812,[0.33637329 0.31816896 0.34545774]
180,0.6663412242003359,0.6257187405345458,1.0649213153358437,[0.74562336 0.2016902  0.05268644]
181,0.7054794732138503,0.7033234278600725,1.0030655105011044,[0.36702087 0.33022159 0.30275754]
182,0.7356236001933674,0.7202447258894357,1.0213522900635479,[0.44638381 0.03688266 0.51673352]
183,0.7833739893637142,0.8681890918402231,0.902308030273988,[0.08095636 0.0916536  0.82739005]
184,0.6765385103817634,0.6790466090797378,0.9963064410241685,[0.43608293 0.45822622 0.10569085]
185,0.7005762020586253,0.6594018317188348,1.062442001764634,[0.59099242 0.12740815 0.28159943]
186,0.7419809919292182,0.8123037671605331,0.9134279833797481,[0.04195794 0.42044554 0.53759652]
187,0.7251029868692523,0.7401063485490056,0.9797281002802264,[0.27219173 0.29419452 0.43361374]
188,0.7410039352400858,0.8088515967198284,0.9161185293385236,[0.0512773  0.41737663 0.53134607]
189,0.7055430865368328,0.7697140654985435,0.9166301074150865,[0.09220307 0.62043057 0.28736636]
190,0.6817966511949277,0.69384801976136,0.9826311119680399,[0.36990506 0.49168983 0.13840512]
191,0.6859243029022598,0.7080660128612307,0.9687293139950353,[0.31083071 0.52549387 0.16367542]
192,0.7325328444536847,0.7617606766222935,0.961631214283458,[0.20987412 0.3084891  0.48163678]
193,0.7291506454264542,0.7256762218236826,1.0047878427021353,[0.3662378  0.16661211 0.46715009]
194,0.7140036088245676,0.7201115787058187,0.9915180229538479,[0.31755159 0.32332593 0.35912248]
195,0.6685784881199723,0.6689869232377802,0.9993894721950153,[0.48743446 0.45921244 0.0533531 ]
196,0.6702602450354622,0.6986520238391731,0.9593620603176746,[0.35265091 0.59007854 0.05727055]
197,0.7187812260917422,0.7153202197389597,1.0048384014002087,[0.36144629 0.24371341 0.39484029]
198,0.7029109236990895,0.7251216035122979,0.9693697171541631,[0.26260148 0.45849997 0.27889856]
199,0.6763949697011191,0.670348502650951,1.0090198859641766,[0.47781309 0.415089   0.10709791]
200,0.69376355801316,0.7638927224871425,0.9081950090509433,[0.10013426 0.69387185 0.20599389]
201,0.7347456851649473,0.7365837142606664,0.9975046568908139,[0.34555815 0.14961585 0.504826  ]
202,0.7567209302112183,0.7780925596660505,0.9725333070091241,[0.29956216 0.04560533 0.65483251]
203,0.7499125466848588,0.7967772957035492,0.9411821229452716,[0.15193208 0.24903695 0.59903097]
204,0.6963825063580421,0.6859898640318213,1.0151498482282804,[0.42589355 0.33115141 0.24295504]
205,0.7083932844874399,0.7029591829314026,1.0077303230229906,[0.37868939 0.2976393  0.32367131]
206,0.6796076197405762,0.725255887673467,0.9370590867185856,[0.2406616  0.64358604 0.11575236]
207,0.6879114272261401,0.7921905901247961,0.8683660672083613,[5.63389853e-04 8.39832579e-01 1.59604031e-01]
208,0.7219562021593264,0.7740784682074072,0.9326653973869286,[0.11489645 0.48241199 0.40269157]
209,0.7504006350641389,0.7642226199318223,0.9819136668986369,[0.31895081 0.06900513 0.61204406]
210,0.7006555999500885,0.6998735889816277,1.0011173603073074,[0.36955188 0.36105499 0.26939313]
211,0.725656556863617,0.7564287073229022,0.9593191662857536,[0.20149256 0.36512138 0.43338606]
212,0.6759302350408319,0.6947018247925566,0.9729789255162385,[0.36600554 0.53656652 0.09742794]
213,0.7190970229755608,0.6996613884749897,1.0277786295209654,[0.44676611 0.1512843  0.40194959]
214,0.6836905363852567,0.6488870160676034,1.0536357169366253,[0.60181778 0.23325956 0.16492266]
215,0.7250687977061605,0.7599096776578947,0.9541512880068632,[0.18414065 0.387556   0.42830335]
216,0.6864931211432189,0.7267344510363196,0.9446271883275703,[0.2355121  0.60120038 0.16328752]
217,0.702499444655149,0.680222118217763,1.0327500765422837,[0.47451255 0.23723849 0.28824896]
218,0.703322617588082,0.6728523919615734,1.0452851561360708,[0.51966082 0.18377072 0.29656846]
219,0.7163781422290028,0.7668359560423418,0.9341999896904248,[0.12668357 0.50869514 0.36462128]
220,0.7168079232899267,0.6811921786863829,1.0522844297364446,[0.54509355 0.06319371 0.39171273]
221,0.7141935880245996,0.7332579633202179,0.9740004524338283,[0.25878796 0.38415537 0.35705667]
222,0.7155734405361796,0.7084639811653326,1.010035032916074,[0.38086757 0.2454569  0.37367553]
223,0.6831443142771452,0.7118305304418481,0.9597007785731011,[0.29406362 0.56253884 0.14339754]
224,0.7204071472280122,0.752945438938412,0.9567853259642877,[0.19586127 0.40754342 0.3965953 ]
225,0.6810040930491594,0.6752224267859119,1.0085626099399105,[0.45556987 0.40659531 0.13783483]
226,0.7198062531026211,0.7447879137276575,0.9664580209149698,[0.228575   0.37711922 0.39430578]
227,0.6821049931002497,0.6667933308539654,1.0229631304600402,[0.49871719 0.35331446 0.14796835]
228,0.6799520512944849,0.6710023239552244,1.0133378484988045,[0.47573142 0.39258045 0.13168813]
229,0.6794983242295258,0.6559802013479145,1.0358518791166047,[0.55446783 0.31245973 0.13307244]
230,0.6789453468850977,0.7598210787778915,0.8935595047943712,[0.11377654 0.78238197 0.10384149]
231,0.739560782411744,0.8066081854280855,0.916877358514831,[0.05368415 0.42485633 0.52145952]
232,0.7148091528658403,0.7752848161651071,0.9219955530686058,[0.09008008 0.55830685 0.35161307]
233,0.7572283198897961,0.8065377570805716,0.938862828481507,[0.15740379 0.19242917 0.65016705]
234,0.6869667474541513,0.6690267015383718,1.026815141868819,[0.49326705 0.32530522 0.18142773]
235,0.7095888524472659,0.7089297941515452,1.0009296524157367,[0.35405931 0.31538309 0.33055761]
236,0.6920992639061941,0.7126811417943693,0.9711204959957904,[0.29692895 0.49730065 0.20577039]
237,0.7052574359637725,0.7671751153851544,0.9192913349512171,[0.10113624 0.61296707 0.28589668]
238,0.6806232965150272,0.6631593586902148,1.026334451283783,[0.516419   0.34488577 0.13869523]
239,0.7135870186106968,0.719042579535846,0.9924127428883684,[0.32096147 0.32261353 0.35642499]
240,0.6702334294085901,0.6318057422683151,1.0608219972840252,[0.70005069 0.22285028 0.07709903]
241,0.718134145790852,0.7507910444890107,0.9565033454542802,[0.19698841 0.42214132 0.38087027]
242,0.6977167000388197,0.6787130377802163,1.0279995538626403,[0.46670147 0.27872411 0.25457442]
243,0.6882104341485336,0.7434515773819663,0.925696380350739,[0.17221797 0.65621133 0.1715707 ]
244,0.681507720171728,0.7055440216365164,0.9659322441581519,[0.31970584 0.5467883  0.13350586]
245,0.7091827405178027,0.7516308084660217,0.943525375130844,[0.16832613 0.51463808 0.3170358 ]
246,0.7242418347907221,0.7972644183569904,0.9084085757686844,[0.03285696 0.55330031 0.41384274]
247,0.713308509038574,0.6660476873967703,1.0709571139365732,[0.62659543 0.00130582 0.37209875]
248,0.6912653227209308,0.6741707189852794,1.0253564909514035,[0.47432851 0.31547375 0.21019774]
249,0.7141842426741305,0.7099429785835867,1.0059740911854718,[0.36722071 0.2695404  0.36323889]
250,0.6686109486844305,0.6637012778935683,1.007397410483289,[0.51358145 0.43133355 0.055085  ]
251,0.6993961220646308,0.716390048847763,0.9762783879948288,[0.29256757 0.45122388 0.25620855]
252,0.7357558399802581,0.7778355541555823,0.9459015289921969,[0.15525239 0.34386841 0.5008792 ]
253,0.6935049207691757,0.6470601610747564,1.0717781166086247,[0.64329158 0.12121828 0.23549014]
254,0.6854359270886934,0.6618941838231424,1.0355672308971993,[0.52911151 0.29802988 0.17285862]
255,0.6972426201110346,0.6831506213751617,1.0206279527456275,[0.44235775 0.30776367 0.24987859]
256,0.7235224157022627,0.7332232500700918,0.9867696034367408,[0.29695615 0.27898318 0.42406067]
257,0.6819895292205062,0.6326754519678219,1.0779452989669533,[0.70950336 0.13118636 0.15931028]
258,0.6966235931368405,0.654693374673715,1.0640455823827797,[0.60413021 0.14097122 0.25489856]
259,0.7648409029965684,0.7945797767007611,0.9625728283349044,[0.28726413 0.00220448 0.71053139]
260,0.724811766451011,0.6987783410596528,1.0372556272306326,[0.49120513 0.06458613 0.44420874]
261,0.7033397740930465,0.7239802083751709,0.9714903335155423,[0.26838527 0.44940383 0.28221089]
262,0.7090131453533287,0.7154419193871486,0.991014261452101,[0.32155463 0.35375974 0.32468562]
263,0.7072617833982671,0.6890939976222147,1.0263647424571134,[0.44528935 0.23506257 0.31964808]
264,0.6628904781547482,0.6444802443840554,1.0285660172381046,[0.62385743 0.3544429  0.02169967]
265,0.7208333932937292,0.7003842661596494,1.0291970110154052,[0.45337959 0.13222768 0.41439274]
266,0.7125563331245963,0.7254512028865978,0.9822250349703849,[0.28787165 0.36476968 0.34735867]
267,0.6911212931347164,0.6578078900447454,1.0506430579415897,[0.56504649 0.22052977 0.21442374]
268,0.7428574401977371,0.7826611853762582,0.9491430699231805,[0.17234841 0.27645441 0.55119718]
269,0.6973670471780596,0.7014945017619381,0.9941161982403119,[0.35441502 0.39990868 0.2456763 ]
270,0.7163130154042687,0.7163582975624958,0.9999367883943256,[0.34490331 0.27835553 0.37674117]
271,0.6975569232503348,0.7382696915825872,0.9448537996392908,[0.19989406 0.56201303 0.2380929 ]
272,0.7327499067973797,0.7465701349674847,0.9814883725951522,[0.2820158  0.23068324 0.48730096]
273,0.6755842177095589,0.7248401053563468,0.9320458577239285,[0.24389058 0.66812058 0.08798883]
274,0.7144372123104941,0.730670975595386,0.9777823893009246,[0.27104657 0.36949811 0.35945532]
275,0.729277870247982,0.7625349399237117,0.9563861694271256,[0.19083884 0.35123254 0.45792862]
276,0.7288490888078598,0.7195845823371306,1.01287479845752,[0.39739812 0.13575139 0.46685049]
277,0.6956834126634643,0.6700063245888696,1.0383236502884519,[0.50788038 0.24929749 0.24282212]
278,0.7586972368370221,0.8148964528720304,0.9310351446040301,[0.12893267 0.2123364  0.65873093]
279,0.6773881204220069,0.6482495873256973,1.0449495590371578,[0.59727089 0.28184971 0.1208794 ]
280,0.7145849707312669,0.7709075835997571,0.9269398640424688,[0.10620468 0.54281059 0.35098472]
281,0.7215331742921319,0.7114963701227494,1.0141066133164545,[0.39576111 0.18830453 0.41593436]
282,0.6821566647582852,0.6520244137876531,1.0462133784156822,[0.58028322 0.26669021 0.15302657]
283,0.7071587227818724,0.709575970756191,0.9965933908785798,[0.34278892 0.3441843  0.31302679]
284,0.727016492011084,0.7534284705955018,0.964944278567623,[0.22059231 0.3354741  0.44393358]
285,0.6644660057571827,0.6577718960084056,1.0101769470380224,[0.54826575 0.42344486 0.0282894 ]
286,0.7528698984237351,0.7893625331176074,0.953769487196531,[0.20776071 0.16944788 0.62279141]
287,0.6865412271174549,0.7282125986379362,0.9427758162953727,[0.22975234 0.60695779 0.16328987]
288,0.7100163801649562,0.6669892442342095,1.064509489924605,[0.59441211 0.05821291 0.34737499]
289,0.7139448625323049,0.7485809395509929,0.9537310193344448,[0.19300285 0.45545839 0.35153876]
290,0.7238972241149229,0.7576324013925932,0.9554728952778917,[0.18916222 0.39038374 0.42045403]
291,0.7004356651562084,0.6825237376809318,1.0262436696138033,[0.45500598 0.27220546 0.27278857]
292,0.7126962657996736,0.7285191558644295,0.9782807494663869,[0.27465476 0.37777595 0.34756929]
293,0.6981616134424579,0.6602264363147141,1.0574578281649736,[0.57470125 0.16141144 0.26388731]
294,0.7329317673967323,0.7740887963856574,0.9468316436291369,[0.15780485 0.36078702 0.48140813]
295,0.6993554631266308,0.7077724389337722,0.988107793770804,[0.33026641 0.41163554 0.25809805]
296,0.7047678177187569,0.7236927366381747,0.9738495110406508,[0.27294832 0.43465764 0.29239404]
297,0.6964879834510349,0.7726717776994776,0.9014021264303592,[0.07070803 0.70606752 0.22322445]
298,0.72500703797421,0.6902524718085701,1.0503505131601738,[0.54998948 0.00105854 0.44895198]
299,0.7512602397410614,0.8143388916655544,0.9225400474297878,[0.08249283 0.31311472 0.60439245]
300,0.6661838686076635,0.6785241525846901,0.9818130512671966,[0.44491866 0.52081252 0.03426882]
301,0.6953829627640353,0.7247787539413563,0.9594417040821543,[0.25093267 0.5231359  0.22593144]
302,0.7120512644567664,0.7385403933048766,0.9641331346420001,[0.22929718 0.43022738 0.34047544]
303,0.7642661598171874,0.8044171847721373,0.9500868135153984,[0.22690094 0.07003797 0.70306109]
304,0.7173339395576431,0.7320130988508472,0.9799468625407821,[0.2757091  0.34444412 0.37984678]
305,0.6663976805323435,0.6854225313800403,0.9722436161977461,[0.41362327 0.55242563 0.03395109]
306,0.7171904187920622,0.7224775092322282,0.9926819999617918,[0.31925974 0.2993814  0.38135886]
307,0.6718601664511705,0.6315675516519398,1.0637977912162218,[0.7022279  0.2092471  0.08852499]
308,0.6838993946443861,0.7415191946205181,0.9222949312787249,[0.17857944 0.67943107 0.1419895 ]
309,0.7120590317356792,0.6952058795485658,1.0242419586526756,[0.43375047 0.21394097 0.35230857]
310,0.7151055441407541,0.7321546500330971,0.9767137914215633,[0.26681159 0.36933435 0.36385407]
311,0.7032963434156155,0.6696009051481329,1.0503216737140288,[0.53906154 0.16343478 0.29750367]
312,0.6921301144627215,0.6883237305334988,1.0055299327342273,[0.40572312 0.38202421 0.21225267]
313,0.7695087422327396,0.8350694085929824,0.9214907579111218,[0.1181648  0.14861983 0.73321536]
314,0.6800283263630142,0.6724104536092401,1.0113292003610062,[0.46879402 0.39938767 0.13181831]
315,0.6642428472134385,0.7082218603849005,0.9379022088536486,[0.32085528 0.66550736 0.01363736]
316,0.6866114175739121,0.6918826910398296,0.992381261253992,[0.38182099 0.44564041 0.1725386 ]
317,0.6663516742849729,0.6680252467332771,0.9974947467083195,[0.49430441 0.46741581 0.03827978]
318,0.7201204677750805,0.7454419555958453,0.9660315767972507,[0.22692521 0.37668129 0.3963935 ]
319,0.718324113905628,0.722546878801069,0.9941557219063102,[0.32384111 0.28666059 0.3894983 ]
320,0.7179506702558539,0.7221129297864247,0.9942359991645602,[0.32427476 0.28879617 0.38692907]
321,0.7251944034557408,0.7077553953693168,1.024639880106211,[0.43955632 0.11655251 0.44389117]
322,0.6987509468754778,0.7346750506150819,0.9511020502063765,[0.21580664 0.5368891  0.24730426]
323,0.6995164514387261,0.7817144247970879,0.8948491024971195,[0.04140138 0.71602462 0.24257401]
324,0.7646516629659771,0.8080412930665429,0.9463027069620406,[0.21132424 0.0838341  0.70484166]
325,0.7849151898657976,0.8718170463059108,0.9003209941714991,[0.07781484 0.08426977 0.83791539]
326,0.6965071167643849,0.7343705730565693,0.9484409401991823,[0.21388552 0.55450823 0.23160625]
327,0.7003433502225634,0.7249002902660125,0.9661236995305416,[0.25834964 0.48083305 0.26081731]
328,0.700795849545292,0.6983053497606921,1.0035664910564601,[0.37733028 0.35185418 0.27081555]
329,0.7175750385211559,0.6865146635493141,1.0452435710713857,[0.5158823  0.08875896 0.39535874]
330,0.6950740190822636,0.7102283585236989,0.9786627226869179,[0.31149562 0.46122988 0.2272745 ]
331,0.6723121422117587,0.7453388754406364,0.9020221061383589,[0.17024802 0.7687362  0.06101578]
332,0.7280167366193624,0.7115727793732777,1.0231093118269192,[0.43733788 0.09929272 0.4633694 ]
333,0.7250986669136978,0.7320592053842884,0.9904918366992781,[0.31042579 0.25378769 0.43578652]
334,0.7342949588523067,0.7326999124910798,1.0021769435672565,[0.36331055 0.13397177 0.50271769]
335,0.6719598183087855,0.6754330061226813,0.9948578352221287,[0.45427287 0.47079532 0.07493181]
336,0.680257564354152,0.7235123431746335,0.9402155620031472,[0.24730789 0.63204183 0.12065028]
337,0.676311277161119,0.6366330694322136,1.062325081171628,[0.67023614 0.21216126 0.11760259]
338,0.6946459562252859,0.7488291656498138,0.9276427629825166,[0.15616187 0.62848652 0.21535161]
339,0.670361681425818,0.7409362508525094,0.9047494715699368,[0.18823086 0.76326667 0.04850247]
340,0.7076813254318861,0.7478908718355731,0.9462360781259445,[0.17978623 0.51294767 0.3072661 ]
341,0.7243948931719808,0.7052279650092228,1.0271783439026094,[0.44880672 0.11232316 0.43887012]
342,0.706031337117202,0.7222860184829292,0.9774955060048538,[0.28222194 0.41607238 0.30170568]
343,0.7390264644443459,0.7669275561780853,0.9636196515446883,[0.22198115 0.25057501 0.52744385]
344,0.7358930518696241,0.8029847548247633,0.9164471024486875,[0.05221365 0.45189035 0.495896  ]
345,0.6920781829058513,0.6885593910015594,1.0051103680383673,[0.40451302 0.38366479 0.21182219]
346,0.7214810552527604,0.7172821570882603,1.005853900202321,[0.36521105 0.22097672 0.41381222]
347,0.7000001275178539,0.7025304023336295,0.9963983411858467,[0.35554729 0.38041983 0.26403288]
348,0.7744833454990065,0.8668864501149894,0.8934080644544323,[0.01064426 0.22777765 0.76157809]
349,0.6863606636555311,0.712337629693943,0.9635327898519512,[0.29331608 0.54098628 0.16569764]
350,0.7175286481760282,0.7287383845811803,0.9846176122428427,[0.29141126 0.32648472 0.38210402]
351,0.7030112223584598,0.7875496728034805,0.8926563576058829,[0.02462147 0.70949397 0.26588456]
352,0.6967042567431043,0.7400575677490855,0.9414190018516506,[0.191831   0.57646389 0.23170511]
353,0.739326704265869,0.7994036257296,0.9248478246406501,[0.08180716 0.39673915 0.52145369]
354,0.7343842450669329,0.8076657240566993,0.9092675635389202,[0.02790845 0.48807714 0.4840144 ]
355,0.7121968666098909,0.7627707676071018,0.9336971169518373,[0.13174409 0.53238934 0.33586657]
356,0.7404834849291972,0.741666701766828,0.9984046515303814,[0.36086313 0.09357006 0.54556681]
357,0.7161322697583046,0.6844154108398868,1.046341532373586,[0.51941242 0.09504801 0.38553957]
358,0.722921157090284,0.7428749792214675,0.9731397305208811,[0.24962316 0.33321996 0.41715688]
359,0.7261564765864639,0.6978482875115812,1.040564961728036,[0.50809203 0.03738497 0.454523  ]
360,0.7086332633718073,0.6907317471975054,1.025916741552612,[0.44230951 0.22868676 0.32900373]
361,0.7038987426949934,0.6883377999176755,1.0226065498352392,[0.43635534 0.26787349 0.29577117]
362,0.7302579570944208,0.7420978349482519,0.9840453949651305,[0.28947411 0.24010617 0.47041971]
363,0.7354250268121291,0.8145734157750801,0.9028345543444478,[0.0054227  0.50462832 0.48994898]
364,0.6966176698628499,0.7047794039908507,0.9884194485795349,[0.33809946 0.42236996 0.23953058]
365,0.7269779398371637,0.6995248440669654,1.0392453477571846,[0.50398653 0.0360205  0.45999297]
366,0.725546808292474,0.7147545059982316,1.0150993134057542,[0.40229772 0.15350962 0.44419266]
367,0.7770312891345259,0.8714890431424724,0.8916133774128191,[0.00991465 0.21084938 0.77923598]
368,0.7267749966036069,0.6994696943168914,1.0390371484405512,[0.50263523 0.03885945 0.45850532]
369,0.7556084571841057,0.7998717180700382,0.9446620503188529,[0.17720279 0.18274227 0.64005495]
370,0.6619108363755862,0.6341594950714036,1.0437608228211706,[0.68959607 0.29172218 0.01868175]
371,0.7111644832924516,0.6829583789078255,1.0412998877467947,[0.49835482 0.15182876 0.34981642]
372,0.6770268010218115,0.6520261390800388,1.038343036334474,[0.57496939 0.30794606 0.11708455]
373,0.6837775551064659,0.7035587190018534,0.971884132253451,[0.32873655 0.52146933 0.14979412]
374,0.73741730732635,0.7694578957659576,0.9583595299808929,[0.20104034 0.28390068 0.51505897]
375,0.7482243883936184,0.7988371214275228,0.9366419866124155,[0.13201884 0.28182466 0.5861565 ]
376,0.6867239589561492,0.6532064346366775,1.0513122996685031,[0.58164631 0.23352075 0.18483294]
377,0.6923126195126419,0.7828270405723813,0.8843749431629779,[0.0329112  0.77504714 0.19204166]
378,0.746813422624569,0.774881720500778,0.9637773131903673,[0.23463577 0.18309728 0.58226695]
379,0.7560743084137289,0.8001712892873619,0.9448905734759541,[0.17926674 0.17732325 0.64341001]
380,0.6619005460013974,0.6067666339534158,1.0908651019400226,[0.94309866 0.02368602 0.03321532]
381,0.6633925310206492,0.6854491799529585,0.9678216130715583,[0.41765757 0.56903492 0.01330751]
382,0.698844107197428,0.6712542487459682,1.0411019498245306,[0.51120264 0.22382728 0.26497008]
383,0.7283920077461878,0.8064770072984762,0.9031776493990123,[0.01126647 0.54730448 0.44142905]
384,0.7062745671640912,0.6835150718797034,1.0332977226409916,[0.4715072  0.21419217 0.31430063]
385,0.6884058379765461,0.6903361536374394,0.9972038033199879,[0.39082515 0.42365211 0.18552274]
386,0.7613293170203329,0.8173109629531601,0.9315050837804124,[0.13727533 0.1852287  0.67749598]
387,0.6705141973329113,0.6617126823184983,1.0133011127783955,[0.5224513  0.40873129 0.06881741]
388,0.6915748453681798,0.7048242955369043,0.9812017686498283,[0.32992871 0.46604268 0.20402861]
389,0.7503052155821388,0.8064459193636639,0.9303850358300236,[0.11107147 0.28952389 0.59940464]
390,0.7219840348058132,0.8004012986980349,0.9020275653977844,[0.01485193 0.58802702 0.39712105]
391,0.6919005840973185,0.7367200016154746,0.9391635663211582,[0.1999344  0.60126354 0.19880207]
392,0.7099942926390946,0.7271955456392416,0.9763457668253094,[0.271937   0.39942022 0.32864278]
393,0.7071225553163702,0.7516704718677147,0.9407347791105137,[0.16366583 0.53387845 0.30245572]
394,0.7264945406011403,0.7566458769070604,0.9601513241185299,[0.20413254 0.35650804 0.43935942]
395,0.688876087363409,0.6703311508221711,1.0276653360335295,[0.48970634 0.31580737 0.19448629]
396,0.7290709742219366,0.7858977996629195,0.9276918379649917,[0.09292153 0.45622842 0.45085005]
397,0.665613767238593,0.6737936253947187,0.9878599947404759,[0.46756361 0.50082328 0.03161311]
398,0.7002606956250897,0.6708937668362428,1.0437728448832273,[0.51851281 0.20625527 0.27523192]
399,0.6856101206981822,0.7151476751158178,0.9586972656901219,[0.28140524 0.55879717 0.15979759]
400,0.6830758674607222,0.6737059655640747,1.0139079990019124,[0.46457585 0.38267837 0.15274578]
401,0.7106955486669034,0.7088089460282271,1.002661651844616,[0.35870563 0.30278114 0.33851323]
402,0.6798331489102081,0.6675438715182234,1.0184096924806376,[0.49308352 0.37505463 0.13186185]
403,0.6671340483682747,0.6605719204870037,1.0099340097236242,[0.53079676 0.42338607 0.04581717]
404,0.6901235228510068,0.6900523412380372,1.0001031539329928,[0.39440593 0.4079327  0.19766136]
405,0.6977084575893497,0.6817407275210663,1.0234219981639427,[0.45086328 0.29553205 0.25360467]
406,0.6815181269702109,0.6332751156119373,1.0761801785179197,[0.70366495 0.14063585 0.1556992 ]
407,0.7083546262440116,0.7383453944557988,0.9593811129086921,[0.22006708 0.46566887 0.31426405]
408,0.6910648434304403,0.7043288515933114,0.9811678761520763,[0.33144526 0.46798161 0.20057313]
409,0.6657814207934764,0.6658129631163011,0.9999526258505435,[0.50581393 0.4592046  0.03498148]
410,0.7524892168345083,0.8163910214684797,0.9217264730336838,[0.08101883 0.30613624 0.61284492]
411,0.7304136296964855,0.744905354325922,0.9805455491153634,[0.27680219 0.25242675 0.47077106]
412,0.6866670717691266,0.7685856435574647,0.8934164689712769,[0.08115462 0.76324247 0.15560291]
413,0.7313611434614923,0.7351224128824806,0.9948834787851998,[0.33084067 0.18869281 0.48046652]
414,0.7124527509885757,0.6770785904961317,1.0522452799261064,[0.54234378 0.0963562  0.36130003]
415,0.7186971241106122,0.6981921988898242,1.0293685968611397,[0.45275419 0.14772922 0.39951658]
416,0.6957216440857334,0.7035147146934461,0.9889226615379205,[0.34209534 0.42436834 0.23353633]
417,0.7131951780237461,0.7169969750066092,0.9946976108472033,[0.32908045 0.31674881 0.35417073]
418,0.7237737924348054,0.748144112557751,0.9674256340270747,[0.22977534 0.34828823 0.42193643]
419,0.7502195993681663,0.7999515600545584,0.9378312848305462,[0.1394883  0.26006463 0.60044707]
420,0.7298664871631394,0.730132326775855,0.9996359021468211,[0.34729696 0.18167143 0.47103162]
421,0.666297328206879,0.649283560848771,1.0262039090222257,[0.59228522 0.36416755 0.04354723]
422,0.7404611898280805,0.7560802826757662,0.9793420180296069,[0.28396006 0.17505863 0.54098131]
423,0.7034816944993757,0.715452795821601,0.9832677971319154,[0.30569793 0.4089556  0.28534648]
424,0.7237207913325515,0.7261293618471845,0.9966830007968472,[0.33239079 0.24012898 0.42748023]
425,0.6863512348386477,0.7405089722242093,0.9268641712430679,[0.18266688 0.65807581 0.1592573 ]
426,0.7164411657988852,0.7068620121698195,1.0135516599621206,[0.39324146 0.22634224 0.3804163 ]
427,0.7142944240592789,0.7401027852203387,0.9651286798584655,[0.22954095 0.41438691 0.35607214]
428,0.7087004249045767,0.7055696768704114,1.0044371918703365,[0.36706288 0.30780202 0.3251351 ]
429,0.7119168583424765,0.7158747014427425,0.9944713186647196,[0.32957481 0.32510614 0.34531905]
430,0.7117887477457155,0.7773240108768497,0.9156911889841046,[0.07561549 0.59458678 0.32979773]
431,0.6742669600288946,0.6524105630851613,1.0335009856989092,[0.57169286 0.33058328 0.09772386]
432,0.7316437858410013,0.7278707498615207,1.0051836620446672,[0.37099544 0.14426115 0.48474341]
433,0.7303675025151957,0.7844412675272877,0.931067159199129,[0.10378514 0.43573226 0.46048259]
434,0.712586860781409,0.7710022290661832,0.9242345014287114,[0.1010815 0.5621093 0.3368092]
435,0.7290736989908297,0.7120583433272215,1.0238960133296113,[0.44237504 0.08662291 0.47100206]
436,0.6937978820570849,0.6784345231357958,1.0226453082757023,[0.45787973 0.31527714 0.22684313]
437,0.751003292832885,0.8095496186074619,0.9276803738413407,[0.10172112 0.29456357 0.60371531]
438,0.753405104110175,0.7995423502581968,0.9422954317140017,[0.16276373 0.21331934 0.62391693]
439,0.7010901971334899,0.6910431916071925,1.0145388966251596,[0.41345932 0.31159887 0.27494181]
440,0.6764575481940681,0.6602326332120382,1.0245745426170403,[0.52952287 0.35996535 0.11051178]
441,0.7380507791258489,0.735848564012332,1.0029927558756233,[0.37415152 0.09641547 0.529433  ]
442,0.7028384221108921,0.6820277579760214,1.0305129283837775,[0.46595813 0.24393097 0.2901109 ]
443,0.7002781047967409,0.6582007755497639,1.063927802594629,[0.59754957 0.12254403 0.2799064 ]
444,0.7805309441126779,0.8492872327810962,0.9190423616245033,[0.14948204 0.03892986 0.8115881 ]
445,0.6920284649128686,0.6854266855495907,1.0096316345751617,[0.41943741 0.36822594 0.21233666]
446,0.7277523485777029,0.7437989445997752,0.9784261645723271,[0.26799769 0.28022575 0.45177656]
447,0.7065542753740522,0.7766651607520463,0.9097282987302977,[0.06836222 0.63862049 0.29301729]
448,0.6922670203376154,0.7502769735168966,0.9226819491642378,[0.14890194 0.65269058 0.19840747]
449,0.6692475109128277,0.751729534866802,0.8902769944131712,[0.1508232  0.81056937 0.03860744]
450,0.762999192682643,0.8059899395318985,0.9466609386288078,[0.20706533 0.09981768 0.69311699]
451,0.7164712126036396,0.7131943475155997,1.0045946313223804,[0.36119384 0.2600275  0.37877867]
452,0.7025738269187767,0.6987247378271343,1.0055087345320164,[0.38025205 0.33641291 0.28333504]
453,0.663384140608604,0.6508546608832041,1.019250810478022,[0.58686051 0.39014197 0.02299751]
454,0.7211337177722498,0.7136745829562716,1.010451731074799,[0.38202141 0.20561074 0.41236785]
455,0.7282362238938893,0.7357899114533153,0.9897339071359295,[0.30901485 0.23348411 0.45750104]
456,0.7058427640606006,0.7141777018016554,0.9883293223520866,[0.317678   0.37988356 0.30243844]
457,0.7237852561984867,0.7700094141798961,0.9399693599452407,[0.13738433 0.44592253 0.41669314]
458,0.6640960014085291,0.705951443964295,0.9407105928975438,[0.33021293 0.65663068 0.01315639]
459,0.7115188497594579,0.7925998508019588,0.8977024775358429,[0.01949118 0.65581949 0.32468933]
460,0.7453351203715506,0.7582310434064402,0.9829920930473207,[0.3089757  0.11474379 0.57628051]
461,0.693155185566987,0.6509968251601771,1.0647597020099704,[0.6147655  0.15381735 0.23141714]
462,0.6702120882050239,0.6716735827864617,0.9978240999513859,[0.47319898 0.46291987 0.06388116]
463,0.7213314623969854,0.788659144355781,0.9146301891753346,[0.0567241  0.54827573 0.39500017]
464,0.7458778181194172,0.7960302714291462,0.9369968013657468,[0.130451   0.29978386 0.56976514]
465,0.6992488252738972,0.6548622082302995,1.0677800863842,[0.61520355 0.11102309 0.27377336]
466,0.7027241782188087,0.6974480759891656,1.0075648674235143,[0.38684984 0.32839055 0.28475961]
467,0.7147977091440084,0.7148521139112165,0.9999238936751401,[0.34574462 0.28799219 0.36626319]
468,0.7151796936528103,0.7524275911488038,0.9504963694391861,[0.18086642 0.45971598 0.3594176 ]
469,0.6971858844475795,0.7076031590474714,0.9852780835321383,[0.32662396 0.43055936 0.24281668]
470,0.7424651081731031,0.7500118311007319,0.989937861491394,[0.33058407 0.11182775 0.55758818]
471,0.7420428246936331,0.7832528915576286,0.9473860009861663,[0.16495242 0.28993543 0.54511214]
472,0.7266641913735085,0.7783668861447893,0.9335754183642606,[0.11406751 0.45058346 0.43534902]
473,0.729633002881846,0.7599021515250085,0.9601670444248421,[0.20400666 0.33483907 0.46115427]
474,0.7284470669366784,0.7453180873872108,0.9773639996988728,[0.26442226 0.27918113 0.4563966 ]
475,0.7358289871500995,0.7478232790979782,0.9839610610111708,[0.29470549 0.19587287 0.50942165]
476,0.685416221611996,0.7090835435785062,0.96662266078399,[0.30629235 0.53382321 0.15988444]
477,0.7044453152553262,0.6901737047247168,1.020678287846828,[0.42878999 0.2720778  0.29913221]
478,0.687766029082241,0.6572776066827942,1.0463859137896367,[0.55973979 0.24945037 0.19080984]
479,0.7447932678276632,0.7582120350689519,0.9823020914722511,[0.30479366 0.12293089 0.57227545]
480,0.7280630301092148,0.7267894446830968,1.0017523444175407,[0.35356871 0.18756649 0.45886479]
481,0.7127722920849356,0.7462262463535109,0.9551691535482029,[0.19932557 0.45691695 0.34375748]
482,0.7020992233177007,0.6599223475060219,1.0639118768610787,[0.5952343  0.11234184 0.29242386]
483,0.7281723277781622,0.7100094214849715,1.025581218704399,[0.44779037 0.08715718 0.46505245]
484,0.667922071969534,0.6726169479667247,0.9930199855781467,[0.47057971 0.48159821 0.04782209]
485,0.7253789863224814,0.732112049029353,0.9908032346745305,[0.31162472 0.25057238 0.4378029 ]
486,0.6767585762485004,0.6977317403521995,0.9699409344727354,[0.35280578 0.54477248 0.10242174]
487,0.7282451177581485,0.7521249271703936,0.968250208775709,[0.23214571 0.31472012 0.45313416]
488,0.768175408649097,0.8229340045632697,0.9334593106974196,[0.16659504 0.10666172 0.72674325]
489,0.6738947757359097,0.6419278104950483,1.0497983803135258,[0.63375207 0.26753412 0.09871381]
490,0.7504730319612289,0.8196569281647076,0.9155940811012381,[0.05537663 0.3472617  0.59736167]
491,0.7054421019279477,0.7088421781996002,0.9952033380966573,[0.34093512 0.35806983 0.30099505]
492,0.7456269503235706,0.7848754357225606,0.9499939944446629,[0.17912235 0.25005112 0.57082653]
493,0.6752789665106742,0.661510377132516,1.0208138675584222,[0.52253507 0.37554305 0.10192189]
494,0.6838918122993011,0.6781936369162009,1.0084019888611904,[0.44333348 0.39947641 0.15719011]
495,0.7651566218870671,0.7962315452088802,0.9609725041556084,[0.28106344 0.00656919 0.71236737]
496,0.6630276125970433,0.6060397856523226,1.0940331448427612,[0.95478099 0.00350119 0.04171782]
497,0.7120418564808685,0.7133989623886037,0.9980976901014947,[0.34175187 0.3113592  0.34688894]
498,0.7260429242298118,0.754019863688594,0.9628962832332802,[0.21365258 0.34957679 0.43677063]
499,0.6763803337811543,0.7530184035315083,0.898225502337079,[0.13937514 0.77312706 0.0874978 ]
500,0.7357441703728826,0.7895084381236501,0.9319015919848255,[0.10595987 0.39608189 0.49795824]
501,0.7491866495246193,0.7529661008374602,0.9949805823812821,[0.37278944 0.02049795 0.60671261]
502,0.714210623308524,0.7900077361680335,0.904055227070096,[0.03413434 0.62163363 0.34423203]
503,0.7158788230305005,0.7732862341453426,0.9257617573157884,[0.10036806 0.53999542 0.35963652]
504,0.7242482456921936,0.7344787574842282,0.9860710583011595,[0.29451714 0.27652056 0.42896231]
505,0.6777825989122822,0.6790125175584921,0.9981886657249968,[0.43630671 0.44934718 0.11434611]
506,0.7297035375075652,0.7725438460052493,0.9445464374362604,[0.14998447 0.39148365 0.45853188]
507,0.6895432533998165,0.6889224774701466,1.0009010824148887,[0.39885799 0.40725514 0.19388688]
508,0.7301692801779054,0.7293578491603081,1.0011125279840773,[0.35327046 0.17325035 0.4734792 ]
509,0.6881762993892272,0.6334593297051885,1.0863780311034394,[0.72501203 0.07180625 0.20318171]
510,0.7328200789443468,0.7884696416130687,0.9294207922135432,[0.09748607 0.42535682 0.47715711]
511,0.7150680802717103,0.7324345623914942,0.9762893738068831,[0.26543807 0.37104725 0.36351468]
512,0.7156305379371031,0.7751740682367582,0.9231868908681438,[0.09252958 0.55001027 0.35746015]
513,0.6895132075131345,0.6855984052558568,1.0057100515801474,[0.41449158 0.39092957 0.19457885]
514,0.7950388277977786,0.9044988226349057,0.8789827116432745,[0.01622333 0.0790834  0.90469327]
515,0.6894551699359217,0.6768724864821175,1.0185894444006725,[0.4570928  0.34627714 0.19663007]
516,0.7231256646469433,0.7344723324315424,0.9845512658767759,[0.28916348 0.28998094 0.42085558]
517,0.6771534902132638,0.6894976253845968,0.982096914163486,[0.38850458 0.50427359 0.10722183]
518,0.6990239280754035,0.7856793721564832,0.8897063520412489,[0.0271161  0.73455435 0.23832955]
519,0.7279024559848867,0.7636731373403168,0.9531596967257346,[0.17986352 0.37239484 0.44774164]
520,0.7569356172113814,0.7748064957051612,0.976935043016753,[0.3204557  0.02201667 0.65752763]
521,0.6822720034418323,0.7258652009152827,0.9399431224716636,[0.23802205 0.62786886 0.13410909]
522,0.7060276241751962,0.677485696562268,1.0421291958749197,[0.50468046 0.18082315 0.31449639]
523,0.7420925242017419,0.8110660494062853,0.9149594225340423,[0.04745276 0.41385936 0.53868788]
524,0.7406776998992882,0.7532560352392692,0.9833013812680764,[0.2999405  0.15665347 0.54340604]
525,0.6972011209802885,0.7143320096657528,0.9760183101783719,[0.29735793 0.46140565 0.24123642]
526,0.6895584940317214,0.6578620385876203,1.0481810069359694,[0.56054763 0.23614419 0.20330818]
527,0.7215985202583787,0.7451773509078072,0.9683580953974193,[0.23386963 0.35906912 0.40706125]
528,0.7282540820459436,0.707004633054544,1.0300556007668484,[0.46673745 0.06655058 0.46671198]
529,0.7366104762756718,0.7833712603246896,0.9403082721854813,[0.13572968 0.35857894 0.50569138]
530,0.7555388035585161,0.7903805259694725,0.9559177873617016,[0.22357121 0.13418628 0.64224251]
531,0.7449002525952048,0.761756892308263,0.9778713656768112,[0.28697945 0.14102823 0.57199232]
532,0.6799273789960248,0.7298143858560036,0.9316442538996187,[0.22307958 0.65995972 0.1169607 ]
533,0.6906683026104392,0.6605414955510671,1.0456092573476226,[0.54767586 0.24204798 0.21027616]
534,0.7033595751138693,0.6945336361743482,1.0127077199430345,[0.40308599 0.30680505 0.29010896]
535,0.6902351680843494,0.6733453580140841,1.0250834283911585,[0.47654044 0.32029061 0.20316895]
536,0.7121467355940644,0.7792970620884324,0.9138321831800413,[0.06905138 0.59904221 0.3319064 ]
537,0.6685985943840179,0.6286931703678419,1.0634736082671739,[0.72254529 0.21041649 0.06703822]
538,0.7337892617363488,0.7612057823294237,0.9639827741334603,[0.21890337 0.29021163 0.490885  ]
539,0.6636029521761923,0.670249305732765,0.9900837591330193,[0.48708749 0.49414319 0.01876932]
540,0.7215385974592945,0.7173864742721427,1.0057878470476662,[0.36498152 0.22081975 0.41419873]
541,0.7382927134240962,0.7952949514938725,0.9283256633746964,[0.09384186 0.39119397 0.51496417]
542,0.7133279693960496,0.7336302864055998,0.9723262283663059,[0.25429195 0.39492364 0.35078441]
543,0.749889881529188,0.7894735759446353,0.9498606468644832,[0.18573721 0.21344165 0.60082114]
544,0.715524491992476,0.7034647006492764,1.0171434207460144,[0.40650483 0.21868263 0.37481254]
545,0.7464780744490082,0.8071199466351454,0.9248663442912654,[0.08601846 0.34260646 0.57137508]
546,0.6784110151668198,0.6891260468638097,0.9844512745589088,[0.39012504 0.49382407 0.11605089]
547,0.7556847727478069,0.7681889860717666,0.9837224777357176,[0.34678842 0.00285614 0.65035544]
548,0.6991061199897893,0.6744537742642512,1.0365515720516663,[0.49414569 0.2400468  0.26580751]
549,0.7256865521319505,0.6997173908059613,1.0371137857472386,[0.49212388 0.05753754 0.45033858]
550,0.7133821437350119,0.731418821838902,0.9753401504509509,[0.26413973 0.38413217 0.3517281 ]
551,0.6945019774647948,0.7272786360524973,0.954932460596386,[0.2397     0.5411357  0.21916431]
552,0.7100731700992728,0.7284949918153932,0.9747124936710772,[0.26650405 0.40461824 0.32887772]
553,0.7621228043328854,0.822923494626192,0.9261162298921543,[0.11691506 0.20124982 0.68183512]
554,0.7099942012710382,0.6656737787245022,1.0665797932306398,[0.60367357 0.04857193 0.3477545 ]
555,0.7342499607367856,0.7565442791372784,0.9705313766618975,[0.24296627 0.26156203 0.4954717 ]
556,0.6749639254072454,0.7542355559708211,0.8948980461925578,[0.13611289 0.78641669 0.07747042]
557,0.6744288713268018,0.7895777130357992,0.8541640172868247,[0.01621881 0.91693512 0.06684607]
558,0.7673225038462018,0.8501503338837313,0.9025727253918162,[0.03174162 0.25520937 0.71304902]
559,0.7597811504998274,0.8311128459286408,0.9141732728855717,[0.06332948 0.27418951 0.66248101]
560,0.7230123109990393,0.749486459265555,0.9646769492107188,[0.22070962 0.36316607 0.41612431]
561,0.7201245093851744,0.7134018349943444,1.0094234049606605,[0.37803982 0.21683244 0.40512775]
562,0.7258284106287399,0.747795166676205,0.9706246348915267,[0.24038095 0.32279869 0.43682036]
563,0.7522849887910309,0.7632708460542736,0.9856068690163733,[0.34188291 0.03166171 0.62645537]
564,0.7382629903545344,0.7758394984543071,0.951566647258053,[0.17696878 0.30348434 0.51954689]
565,0.7215640192540054,0.7560163290004571,0.9544291460053491,[0.18713196 0.40873916 0.40412888]
566,0.7162354089923828,0.6996192644445823,1.0237502673128815,[0.43079159 0.18805807 0.38115034]
567,0.6613571859452371,0.6152469999766473,1.0749458119590016,[0.84057977 0.13588592 0.02353431]
568,0.7019327683640274,0.7699464755599366,0.9116643697258997,[0.08611549 0.65194885 0.26193567]
569,0.7576661164894836,0.8374387732934186,0.9047421025298232,[0.02278377 0.33176379 0.64545244]
570,0.681068881133644,0.7144043616169676,0.9533380781608433,[0.28332968 0.58830871 0.12836161]
571,0.7774204493276524,0.8677411035164526,0.8959129009530805,[0.03011995 0.18677658 0.78310347]
572,0.6715835161078593,0.7279957313847675,0.9225102389410953,[0.2349475  0.70537076 0.05968173]
573,0.7127048025913756,0.7817673068593952,0.911658490113298,[0.06110221 0.60357261 0.33532518]
574,0.6939652640448435,0.6849555818889791,1.0131536736017501,[0.42552585 0.34833226 0.22614188]
575,0.6996155230818462,0.6956506556818515,1.0056995093264283,[0.38690888 0.34992316 0.26316797]
576,0.6719006212151406,0.6693738245688409,1.003774866231029,[0.4833852  0.44041697 0.07619783]
577,0.7143361246681829,0.6837356568921721,1.044754822229253,[0.51209502 0.11526435 0.37264063]
578,0.7063147163434543,0.7589275646906747,0.9306747431572545,[0.13401603 0.57084832 0.29513565]
579,0.6801037761613357,0.6864027636292651,0.990823190404094,[0.40265639 0.46881157 0.12853205]
580,0.6658010137167497,0.6746421499987554,0.9868950727700279,[0.4633535  0.50397519 0.03267131]
581,0.7376134579477153,0.7237885599012487,1.0191007413109054,[0.44214896 0.02753845 0.53031258]
582,0.773494715794297,0.8427606400085559,0.9178106796568528,[0.11520265 0.12406309 0.76073426]
583,0.7107096165195901,0.7175670026359368,0.990443559847155,[0.31742818 0.34633898 0.33623284]
584,0.6745408648115193,0.7265635396073947,0.9283990016565016,[0.23795737 0.68164354 0.08039909]
585,0.7090741763054988,0.7054312518883847,1.0051641097659938,[0.36908523 0.3030668  0.32784797]
586,0.7035846819425474,0.7570605581085195,0.9293638063782123,[0.13636066 0.58733347 0.27630587]
587,0.7453872432979701,0.7832076494724691,0.9517108825482322,[0.18531562 0.24516622 0.56951816]
588,0.7439677528865304,0.7894227708554707,0.9424199305529504,[0.14855123 0.29390956 0.55753921]
589,0.6948635740746429,0.727188062742248,0.9555486533350005,[0.24050286 0.53777465 0.22172248]
590,0.7366870462784979,0.7384072569443946,0.9976703768148012,[0.34961636 0.13183769 0.51854595]
591,0.7313890155093448,0.7198910767828899,1.015971775588382,[0.41387326 0.10068284 0.4854439 ]
592,0.7276061978741061,0.7729796925948282,0.941300534599548,[0.1395762  0.41706126 0.44336254]
593,0.7747944368492112,0.8571310672080192,0.9039392766067765,[0.05758807 0.17596819 0.76644374]
594,0.7813372892369231,0.8594784706581396,0.9090830264062573,[0.10491022 0.08046812 0.81462166]
595,0.686762295747183,0.6664769647063566,1.030436657401601,[0.50643236 0.31280169 0.18076595]
596,0.7287168348876304,0.7081638593856977,1.0290229093585226,[0.46324658 0.06702794 0.46972548]
597,0.7523299233309712,0.82620569720863,0.910584284122887,[0.03849739 0.35221404 0.60928856]
598,0.7599374043379082,0.8081110363271184,0.9403873603704753,[0.17066796 0.15958148 0.66975056]
599,0.7300966599967789,0.7235167297345377,1.0090943719638044,[0.38418582 0.14105833 0.47475585]
600,0.7087389266300405,0.7773307678801192,0.9117597757809877,[0.06965774 0.62207411 0.30826815]
601,0.7130693949935366,0.6980555273393283,1.0215081280302076,[0.42327628 0.21799986 0.35872386]
602,0.7366896737931816,0.7808118082149571,0.9434919734082343,[0.14706013 0.34604555 0.50689432]
603,0.6824557791853217,0.6430115465319669,1.061342961671675,[0.63693957 0.20469185 0.15836858]
604,0.682696660770921,0.6819947186676413,1.0010292485910317,[0.42426041 0.42795075 0.14778883]
605,0.7352004658666204,0.8120648507381534,0.9053469870027442,[0.0141422  0.49696644 0.48889137]
606,0.6980670418760293,0.749461273996764,0.9314250997297605,[0.15737235 0.60344089 0.23918676]
607,0.7135597716121529,0.6873727155845214,1.0380973166870069,[0.48555295 0.14872873 0.36571833]
608,0.775121637106869,0.851571694215975,0.9102247554394207,[0.08668122 0.14292592 0.77039286]
609,0.6931467999658456,0.7092960032297011,0.9772320678668399,[0.31267383 0.4733717  0.21395447]
610,0.6762016680437061,0.7050436717591603,0.9590918905158169,[0.32232253 0.58088066 0.09679681]
611,0.7256454052348982,0.7861290648087178,0.9230614128374244,[0.07978765 0.49391555 0.42629681]
612,0.7724596041388327,0.8405379548015995,0.919006214682077,[0.11695939 0.1293958  0.75364481]
613,0.7501348000102137,0.7607722544182716,0.9860175573619048,[0.33604163 0.05277635 0.61118202]
614,0.7482029582754031,0.8115387020374661,0.9219559786821614,[0.07684772 0.34032322 0.58282906]
615,0.6768554432940328,0.6667457497833075,1.0151627415907953,[0.49588345 0.39277876 0.11133779]
616,0.6597072437140048,0.6430712231492471,1.0258696392652866,[6.37329975e-01 3.62307286e-01 3.62738455e-04]
617,0.7607530130851345,0.7934258112472168,0.9588206008691316,[0.25303239 0.06680596 0.68016165]
618,0.701289604193214,0.6814028258293786,1.0291850541412562,[0.46379617 0.25697673 0.2792271 ]
619,0.6872913244405807,0.6665059117448751,1.0311856389109748,[0.50717579 0.30834039 0.18448381]
620,0.6822399824346371,0.6700145705309573,1.018246486630868,[0.48233272 0.36970515 0.14796213]
621,0.7239441172056894,0.7384943542648368,0.9802974295265507,[0.27421161 0.30010865 0.42567974]
622,0.6747922901684418,0.6289791766203694,1.072837250025089,[0.72392572 0.16593049 0.11014379]
623,0.7452182745387109,0.7539655966039769,0.9883982477388016,[0.33123845 0.09201012 0.57675143]
624,0.6884121636260234,0.6820117134412066,1.009384663135069,[0.43011695 0.38205265 0.1878304 ]
625,0.7049239686656174,0.7116596160088068,0.9905352963809231,[0.32651093 0.37692438 0.29656469]
626,0.729502075320514,0.7419836067618185,0.9831781574046135,[0.28583612 0.24920468 0.4649592 ]
627,0.7425322525126159,0.7753715891621197,0.9576469693905209,[0.20385272 0.24539404 0.55075324]
628,0.6769565836106665,0.6744570368701147,1.0037060132875937,[0.45786252 0.43228759 0.10984989]
629,0.7452392170060689,0.779419358022488,0.9561466614029968,[0.20206903 0.2284759  0.56945507]
630,0.724935099680343,0.714417733001351,1.014721592414577,[0.40027649 0.15989668 0.43982683]
631,0.7199293921683876,0.7864614507904292,0.9154032806628044,[0.06109634 0.55339142 0.38551224]
632,0.7530012092509188,0.7796808823367716,0.9657812911791662,[0.25784667 0.11556413 0.62658919]
633,0.7100136463781835,0.7544945878845475,0.9410453802841984,[0.15893811 0.51879488 0.32226702]
634,0.733940236098592,0.8144801331167967,0.9011149643269996,[2.48770979e-04 5.20414802e-01 4.79336427e-01]
635,0.7139525463769759,0.7273334315689417,0.9816028184444902,[0.2842651  0.35888486 0.35685003]
636,0.7297303410556241,0.741018744458614,0.9847663726627628,[0.29176433 0.24134923 0.46688644]
637,0.7130738794563766,0.7191122859918062,0.991602971256288,[0.31870624 0.32856335 0.35273041]
638,0.6860008909385017,0.6552737508096839,1.0468920662407888,[0.56777939 0.25320956 0.17901105]
639,0.7198880835469259,0.687291995163112,1.0474268413035686,[0.52755859 0.06034182 0.41209959]
640,0.7165628863619754,0.7173555549820688,0.9988950129198997,[0.34114292 0.28059677 0.37826031]
641,0.7311648048303607,0.7186825159093446,1.0173682935714978,[0.41919612 0.09661085 0.48419303]
642,0.6786424206038958,0.6274600820548561,1.0815706688167694,[0.74287943 0.11913891 0.13798166]
643,0.6862324615148039,0.7074811428355426,0.9699657276580188,[0.31347704 0.52055437 0.16596858]
644,0.7019263462192288,0.7252455642977718,0.9678464519791692,[0.26000584 0.46808476 0.2719094 ]
645,0.6737599775152007,0.6727924133421592,1.0014381318128054,[0.46613725 0.44574215 0.0881206 ]
646,0.7199882276816577,0.7958472138289509,0.9046814704768228,[0.02633155 0.5897504  0.38391805]
647,0.6950308543215215,0.7017101049661641,0.9904814672079366,[0.34895293 0.4219144  0.22913267]
648,0.7060590034765304,0.7086435538376895,0.9963528203323626,[0.34371235 0.35084713 0.30544052]
649,0.7698077205725632,0.8424128384681295,0.9138129019643222,[0.08568829 0.18089049 0.73342122]
650,0.7053904873250341,0.6720879228333285,1.0495509045175393,[0.53387987 0.1543675  0.31175263]
651,0.6818758930599649,0.7705458625496627,0.8849257730146037,[0.07516065 0.80286488 0.12197447]
652,0.6779066516139685,0.6370702772050739,1.0641002662815318,[0.6692326  0.20213996 0.12862744]
653,0.702533856649996,0.7055954942361535,0.995660916755893,[0.34779659 0.3710159  0.28118752]
654,0.7292012828312323,0.7900192063182321,0.9230171583164,[0.07709608 0.4720604  0.45084352]
655,0.6877590362868746,0.6489982665348683,1.0597239958112028,[0.61042846 0.19588995 0.19368159]
656,0.7140166423911192,0.7246944671702593,0.9852657564492879,[0.29645017 0.34555252 0.35799731]
657,0.7157925164462253,0.7233338405288432,0.9895742136478721,[0.30949224 0.31942251 0.37108525]
658,0.705939526571243,0.7097459285488872,0.9946369513025224,[0.33823079 0.35747447 0.30429473]
659,0.7486127181744668,0.8129458631547256,0.9208641707940958,[0.07318682 0.34134854 0.58546464]
660,0.7084352962532042,0.7384393977939119,0.9593682276022313,[0.21988025 0.46530607 0.31481368]
661,0.7231877768328535,0.7421917086265983,0.9743948476210937,[0.25386313 0.32688358 0.4192533 ]
662,0.7083612623238047,0.7084753122411859,0.9998390206187702,[0.35193758 0.32615482 0.32190761]
663,0.7117469934758608,0.6881177238595685,1.0343389928742985,[0.47144677 0.17624051 0.35231272]
664,0.7023860646995578,0.6766335854474844,1.0380597117937063,[0.49398352 0.21743337 0.28858312]
665,0.7417149332907441,0.7921416301335698,0.93634131205259,[0.12420054 0.33531294 0.54048652]
666,0.6790535210954476,0.6999760747991517,0.9701096159469342,[0.34296706 0.53923563 0.11779731]
667,0.6944009865340744,0.6724184868522111,1.0326916944011608,[0.49101761 0.27604047 0.23294192]
668,0.7174958711617269,0.674270257261704,1.0641072528922861,[0.59960559 0.00076208 0.39963234]
669,0.7104233190162675,0.7280184529390643,0.9758314726065473,[0.26963326 0.39887634 0.33149039]
670,0.704274421671683,0.7014693157251959,1.0039989004274366,[0.37214786 0.3331704  0.29468173]
671,0.6613195638653719,0.6528468872329578,1.0129780455388628,[0.5790741  0.41271908 0.00820682]
672,0.7291155393438917,0.7364539827904112,0.990035435182638,[0.31069153 0.22560245 0.46370602]
673,0.7365773704790431,0.7190128802849657,1.0244286168936447,[0.4629594 0.0127265 0.5243141]
674,0.670909438952237,0.7871594235225532,0.8523171023601606,[0.02806041 0.92885989 0.0430797 ]
675,0.7186608403479161,0.6880655346842508,1.044465685492742,[0.51359067 0.08363982 0.4027695 ]
676,0.6751430856967681,0.7110164058666278,0.9495464241417393,[0.29845823 0.61347356 0.08806821]
677,0.7264809530862162,0.7245560812094871,1.0026566223466318,[0.35569433 0.1963087  0.44799697]
678,0.728181731759815,0.7712771853866265,0.9441245580144983,[0.14893937 0.40316056 0.44790007]
679,0.6703032225247089,0.7051123521369073,0.9506332153922618,[0.32591325 0.61805808 0.05602867]
680,0.6812972188066895,0.6772162075405929,1.0060261571129807,[0.44609959 0.41457493 0.13932549]
681,0.7379942770730475,0.7240782062472053,1.0192190162689294,[0.44383867 0.02310595 0.53305539]
682,0.6836440250054872,0.6845909511246615,0.9986168001233163,[0.41278452 0.4335067  0.15370877]
683,0.7478288135160173,0.787773362819215,0.9492943641046105,[0.17985546 0.23397998 0.58616456]
684,0.733872308646437,0.7934377392706817,0.9249274042863193,[0.08183256 0.4346026  0.48356484]
685,0.7041386865529141,0.7310528040592523,0.9631844411827784,[0.24042784 0.47342214 0.28615003]
686,0.7314616693117341,0.8086554959338815,0.9045405280613351,[0.01339292 0.52373136 0.46287572]
687,0.7524758344802716,0.7729667115551796,0.9734906086270116,[0.28911945 0.08613928 0.62474127]
688,0.700252786169925,0.653938141475039,1.0708241984332303,[0.62694992 0.09162572 0.28142436]
689,0.7070368028172636,0.7886591196585407,0.8965049476932232,[0.02605695 0.6800111  0.29393195]
690,0.7711532580727257,0.8421221585471139,0.9157261214966382,[0.09810169 0.1584148  0.7434835 ]
691,0.7055147512302622,0.7934180702372674,0.8892093307369239,[0.00720802 0.71051928 0.2822727 ]
692,0.730861837144725,0.7392969157170239,0.9885904047575824,[0.30670914 0.21768318 0.47560768]
693,0.668817437243577,0.6157656089975562,1.0861558805344573,[0.83370516 0.09133212 0.07496272]
694,0.6720445846394866,0.7194956070919766,0.9340496008804344,[0.26710058 0.66816233 0.06473709]
695,0.743823607392451,0.7798872934831529,0.9537578232238747,[0.19088299 0.25014029 0.55897673]
696,0.6716604647580746,0.6273845128360426,1.0705722742850092,[0.73328821 0.1777846  0.08892719]
697,0.6706236105661377,0.6736677863981707,0.9954811913327355,[0.46340427 0.47042013 0.0661756 ]
698,0.6608471683596546,0.6697863391874718,0.9866536978961659,[4.93754183e-01 5.06236146e-01 9.67066956e-06]
699,0.6677450412545437,0.6812317454906852,0.9802024724692958,[0.43083321 0.5248644  0.04430239]
700,0.7758024749956276,0.8469425843751509,0.9160036220967583,[0.11538754 0.10783613 0.77677633]
701,0.6680200943238028,0.6993000406291451,0.955269634651815,[0.35222978 0.6060857  0.04168453]
702,0.7142723920572293,0.708540750706539,1.0080893602026062,[0.37460143 0.2611221  0.36427647]
703,0.6904655525605027,0.7198592948605954,0.9591673782502385,[0.26551164 0.54187699 0.19261137]
704,0.7194958388909207,0.7413493245720387,0.9705220130958729,[0.24242997 0.36462239 0.39294764]
705,0.7157948130775452,0.7476498668132253,0.9573930857883266,[0.2024786  0.43258557 0.36493582]
706,0.7266557530437444,0.701103460528229,1.0364458228408453,[0.49106511 0.05192451 0.45701038]
707,0.6719408275157593,0.6336761993666576,1.0603851433702989,[0.68736529 0.22440567 0.08822904]
708,0.7007563596376933,0.7036034675659393,0.9959535334041271,[0.35243755 0.37845537 0.26910707]
709,0.705295638574467,0.6971788861528192,1.0116422808878187,[0.39632532 0.30050587 0.30316881]
710,0.7251420891203624,0.7670187286002197,0.9454033677166128,[0.15462399 0.41826406 0.42711194]
711,0.7107355079510413,0.694018732541234,1.0240869224791624,[0.43399505 0.22287648 0.34312847]
712,0.7145136638925299,0.7045498801576433,1.0141420558224454,[0.39600283 0.23681165 0.36718552]
713,0.759019353385665,0.8116416295814189,0.9351656269493072,[0.14658561 0.19142876 0.66198564]
714,0.6763031718134359,0.6951289631293516,0.9729175558573114,[0.36406405 0.53602917 0.09990678]
715,0.7450854897196727,0.7488605397480131,0.994958941180676,[0.35885725 0.06372254 0.57742021]
716,0.6838360535806336,0.6326327510992608,1.080936850633171,[0.71527292 0.11225706 0.17247002]
717,0.6996546743242564,0.6533227734777572,1.0709173210048473,[0.6281312  0.09453131 0.27733749]
718,0.7133605415670209,0.7371343044754454,0.967748397050464,[0.23926686 0.4105881  0.35014504]
719,0.7095582305125213,0.7340075142512513,0.9666906901305087,[0.24137122 0.4347762  0.32385258]
720,0.7299634286677877,0.7973753855943934,0.9154576901363036,[0.0511849  0.49416996 0.45464513]
721,0.6950206934860838,0.6910066105521707,1.0058090369507542,[0.3984503  0.36963592 0.23191378]
722,0.7166971713560158,0.7068539608236909,1.0139253807403934,[0.39454536 0.22318481 0.38226983]
723,0.7124816614150188,0.6897846457382107,1.0329044953624875,[0.46578033 0.17712986 0.35708981]
724,0.7523137545897433,0.8137110703182124,0.9245465399598669,[0.09157453 0.29619129 0.61223418]
725,0.6985348609930214,0.7434950595525286,0.9395285846464583,[0.180836   0.57537561 0.2437884 ]
726,0.6942562338648768,0.7025311993187728,0.988221212862973,[0.34395212 0.43258441 0.22346347]
727,0.6942322015212838,0.662275802317979,1.0482524034419751,[0.54776039 0.21720107 0.23503853]
728,0.7132176103055149,0.7318679322067261,0.9745168204801967,[0.26162451 0.38793526 0.35044022]
729,0.7090851135017383,0.764985448907184,0.9269262761987148,[0.11635675 0.57027975 0.31336349]
730,0.7028551537622633,0.6972015016792953,1.0081090646955728,[0.38843617 0.32580297 0.28576086]
731,0.7079825222878361,0.7517356181055774,0.9417972292865383,[0.16523405 0.5262459  0.30852004]
732,0.7351160832585135,0.7403165634222196,0.9929753291758513,[0.32841191 0.16517687 0.50641121]
733,0.7060221196181484,0.6944048464564896,1.016729827305989,[0.41279548 0.27804014 0.30916438]
734,0.7245981071906319,0.7533042287564226,0.9618930566563,[0.21061297 0.3628283  0.42655873]
735,0.6680270193736453,0.6173643200258759,1.0820628884831665,[0.81729485 0.11417871 0.06852644]
736,0.7297170208557666,0.7891012221511757,0.9247445072591304,[0.08264035 0.46261401 0.45474564]
737,0.6778091202536781,0.6936059331893069,0.9772250896658387,[0.37040606 0.51886033 0.11073361]
738,0.6946006794212631,0.6797763196622355,1.0218077025195487,[0.45289496 0.31497227 0.23213277]
739,0.7530945414621044,0.7776017255625781,0.9684836294791613,[0.2695762  0.10251047 0.62791332]
740,0.7317693344217916,0.7467359966012644,0.9799572241761574,[0.27557197 0.2443101  0.48011792]
741,0.6980964347820147,0.7322552075710782,0.9533512736599448,[0.22451155 0.53222941 0.24325904]
742,0.6916933289078597,0.6832792165261459,1.0123143104286005,[0.42927327 0.36015151 0.21057522]
743,0.7224551750719629,0.747556711810884,0.9664218963694204,[0.22688471 0.3605055  0.41260979]
744,0.7420009293944861,0.7982841541194851,0.9294947489129609,[0.09958537 0.35935952 0.54105511]
745,0.7026841700104194,0.7056532749450072,0.9957924025296713,[0.34792979 0.36983084 0.28223938]
746,0.7265751349886685,0.7228298819317445,1.0051813755221561,[0.36526291 0.18553459 0.4492025 ]
747,0.7222853879380704,0.6847929271774225,1.0547500700908,[0.56444432 0.00467753 0.43087815]
748,0.686957364399449,0.6837540907521775,1.0046848328815812,[0.41988405 0.40298122 0.17713473]
749,0.6824363045619658,0.6685583490945831,1.0207580317950966,[0.48993424 0.36030189 0.14976387]
750,0.709166910399074,0.769625653682205,0.9214439604580855,[0.09901684 0.58805045 0.31293271]
751,0.7019487742911407,0.6865976228627884,1.0223582938786553,[0.4387     0.27893968 0.28236032]
752,0.6696355593359133,0.6653062689546061,1.0065072141708657,[0.50477067 0.43353423 0.0616951 ]
753,0.6952396988252045,0.7096292098447536,0.9797224933529763,[0.31435205 0.45705795 0.22859   ]
754,0.7380053699742816,0.7741559718668933,0.9533032060639747,[0.18308484 0.29880553 0.51810963]
755,0.6990286044761207,0.694618407986581,1.006349092449656,[0.39036063 0.35034971 0.25928966]
756,0.6999022570937581,0.7032349624378309,0.9952608935532448,[0.35207041 0.3847769  0.26315269]
757,0.6925203989490152,0.6416181570987584,1.079334166726865,[0.67914918 0.09013405 0.23071678]
758,0.741873059989628,0.7755449780510902,0.9565828945910033,[0.19900567 0.25509959 0.54589474]
759,0.6739338601421319,0.6428496954669278,1.0483537052197347,[0.62801317 0.27333214 0.09865468]
760,0.7351743302705454,0.7661254685037987,0.9596004316450943,[0.20394099 0.29641432 0.49964469]
761,0.687905611695642,0.6492546430753748,1.0595312933569272,[0.60917901 0.19619317 0.19462782]
762,0.6763983020336499,0.6339418943645733,1.0669720806378202,[0.68916114 0.1915414  0.11929746]
763,0.6815703722935432,0.646437217611217,1.0543489046193133,[0.61334845 0.23579282 0.15085873]
764,0.730488831962009,0.7513322480480517,0.9722580574170835,[0.24694694 0.28347964 0.46957342]
765,0.6846002917379087,0.6599247929476312,1.037391380129941,[0.53868848 0.2937061  0.16760543]
766,0.6986686162075125,0.7230367900698379,0.9662974634251023,[0.26310892 0.48743353 0.24945755]
767,0.6872488408342123,0.6514304363283159,1.0549842354738308,[0.59375878 0.21706422 0.189177  ]
768,0.7377102814145999,0.8103149235480958,0.9103994755328156,[0.03096932 0.46173479 0.50729588]
769,0.719936583556706,0.7603871256018978,0.9468026999889398,[0.16331493 0.44523375 0.39145132]
770,0.7370438363260027,0.7335923463711852,1.0047049154368781,[0.37896671 0.09831784 0.52271544]
771,0.7381031719025188,0.7774020741903283,0.9494484211034044,[0.16918192 0.31283004 0.51798804]
772,0.6846769987667508,0.6823689816111185,1.0033823594240507,[0.42406701 0.41439839 0.1615346 ]
773,0.7368576983621119,0.7868510328381686,0.9364640416169615,[0.12220823 0.37116201 0.50662976]
774,0.6881621142825987,0.6359286764075739,1.0821372581750783,[0.70470858 0.09337799 0.20191343]
775,0.7209168735052168,0.7270428737323033,0.9915740866894983,[0.31408068 0.2789721  0.40694722]
776,0.6997303927908626,0.7012392346147,0.9978483208734514,[0.36087351 0.37666053 0.26246596]
777,0.6822256433159896,0.6698144629173758,1.0185292809960491,[0.48333468 0.36874508 0.14792024]
778,0.7168965292772213,0.7209331115159278,0.9944008921573616,[0.32535915 0.29497216 0.37966869]
779,0.7023303238455333,0.7139937005907814,0.9836645943296174,[0.30935192 0.41308937 0.27755871]
780,0.728363718502052,0.7471292369354838,0.9748831694628859,[0.25556835 0.28912415 0.4553075 ]
781,0.7009755642541167,0.6962298472175855,1.0068163079412595,[0.38774076 0.33959548 0.27266376]
782,0.7329962172084061,0.7204452664640124,1.0174211023774151,[0.42306262 0.07979922 0.49713815]
783,0.7179392437782086,0.7609991625185635,0.9434166016716156,[0.15442746 0.46850826 0.37706427]
784,0.6793831562846039,0.672172324289437,1.010727653809296,[0.46965098 0.40296318 0.12738584]
785,0.6867734052250819,0.6591491703874905,1.0419089275669604,[0.54686461 0.26996284 0.18317255]
786,0.6775850283974836,0.6885467701968683,0.9840798878538773,[0.39270179 0.49683678 0.11046143]
787,0.6993781098128143,0.6436382471072997,1.0866012281837292,[0.70190587 0.01842748 0.27966665]
788,0.7795353413289576,0.8532597298324468,0.9135967795902353,[0.1189015  0.07818844 0.80291006]
789,0.7354745539799943,0.7490235238271411,0.9819111557699574,[0.28647035 0.20704461 0.50648504]
790,0.6793853814954233,0.6799104852145594,0.9992276869815142,[0.43243553 0.44230726 0.12525721]
791,0.6877662873604,0.7168701606877214,0.9594014719493962,[0.27559438 0.54996447 0.17444115]
792,0.7395936605549034,0.7769406099428661,0.9519307538954501,[0.17936945 0.29170153 0.52892903]
793,0.7316408745583414,0.7145875446507084,1.0238645775948538,[0.44737364 0.0635028  0.48912356]
794,0.7349189823757865,0.7833212976454883,0.9382088608911953,[0.12792383 0.3785849  0.49349128]
795,0.7238587344783669,0.7462885290030257,0.9699448756707771,[0.23838022 0.33859753 0.42302225]
796,0.7154261839667908,0.6902014435158574,1.0365469250867394,[0.47967854 0.14197608 0.37834538]
797,0.7155385071204868,0.7322294740614923,0.9772052784922397,[0.26802661 0.36504164 0.36693175]
798,0.7409057324246451,0.7857139059589648,0.9429713879384236,[0.1477212  0.3160585  0.53622031]
799,0.7800099667452063,0.8572916929035638,0.9098536393177779,[0.10312517 0.09157659 0.80529824]
800,0.676757371784201,0.6970216947339519,0.9709272708398472,[0.3558358  0.54157625 0.10258794]
801,0.7379428255526748,0.7450132721466617,0.9905096367295386,[0.32341812 0.15082171 0.52576017]
802,0.6697628389662016,0.7434692426287882,0.9008615293862425,[0.17973025 0.77641704 0.04385271]
803,0.7390258297241014,0.8076389095448332,0.9150448560490968,[0.04717867 0.43545279 0.51736854]
804,0.7215604451907848,0.7580198383682489,0.9519017955309079,[0.17872756 0.4176526  0.40361985]
805,0.6874660017500391,0.6940172111822297,0.9905604510570698,[0.3730218  0.44900997 0.17796823]
806,0.6932579449725317,0.6926802696902585,1.0008339710362062,[0.38717733 0.39380373 0.21901894]
807,0.6735647728594614,0.7499996923793641,0.8980867321726306,[0.15235713 0.77895612 0.06868674]
808,0.7274032279121618,0.7786155929061432,0.9342263814640112,[0.11581834 0.44359787 0.44058379]
809,0.7147709194106057,0.7583087765058979,0.9425855819631891,[0.15594857 0.48890907 0.35514236]
810,0.7765137491107186,0.8379439140223626,0.9266894073891387,[0.16838406 0.04684527 0.78477066]
811,0.7106276627135267,0.6994508929608545,1.0159793487507889,[0.40505112 0.25423713 0.34071175]
812,0.6820284847608331,0.6576219651421408,1.0371132974754227,[0.54795784 0.30176839 0.15027377]
813,0.699882006290056,0.7061828271154797,0.9910776351626102,[0.33858517 0.39917975 0.26223508]
814,0.6868989191328412,0.6966097988195296,0.9860598003313413,[0.36090432 0.46576495 0.17333073]
815,0.6799855552144646,0.7277434024977376,0.9343754307914575,[0.23099321 0.65118603 0.11782076]
816,0.7050192318827174,0.7149942342049892,0.9860488352981432,[0.31172387 0.39190159 0.29637453]
817,0.6883641642884589,0.7233702821903791,0.951606917281809,[0.249774   0.57311914 0.17710686]
818,0.7202709349048471,0.6889598537851885,1.04544688772159,[0.51953268 0.06617056 0.41429676]
819,0.7382215381994904,0.7879062007866902,0.9369408915203463,[0.12437744 0.35939358 0.51622898]
820,0.6682445941740695,0.6787777379552273,0.9844821902779424,[0.44150857 0.51010373 0.04838769]
821,0.7264941922640489,0.7511129042700067,0.9672236865243524,[0.22853026 0.33070711 0.44076263]
822,0.6931914861833276,0.6957153573194204,0.9963722647350819,[0.37301042 0.4092485  0.21774107]
823,0.6770578577480506,0.6260964303151267,1.0813954927155134,[0.75077233 0.12179884 0.12742883]
824,0.7046454600327077,0.7714136571479612,0.9134469600109154,[0.08455192 0.63475812 0.28068997]
825,0.7084786356858879,0.7465759265227115,0.9489706411854619,[0.18684924 0.49993903 0.31321173]
826,0.704696747508549,0.6914067829969394,1.0192216287696856,[0.42334218 0.27609283 0.30056498]
827,0.7038858575033747,0.688961172690704,1.0216625920360405,[0.43307503 0.27143229 0.29549268]
828,0.6629818824365921,0.7177009502913675,0.9237578439424374,[0.28554273 0.71161397 0.0028433 ]
829,0.7262752350956587,0.6969833132668841,1.0420267189632966,[0.51484229 0.02942082 0.45573689]
830,0.7121332557100606,0.7389354670004735,0.9637286170615008,[0.22787043 0.43116676 0.34096281]
831,0.7539044067531986,0.7921267677731845,0.9517471665205356,[0.20201067 0.16834274 0.6296466 ]
832,0.6675567233601178,0.6615334975522512,1.0091049445419669,[0.52547708 0.42607601 0.04844691]
833,0.6778926919447291,0.680737483603106,0.9958210151094963,[0.42825897 0.45709378 0.11464724]
834,0.7423291453114131,0.7476052567280899,0.9929426507248388,[0.34269335 0.09996531 0.55734133]
835,0.7068132476273811,0.6574792497793821,1.075035064398691,[0.64206965 0.03006102 0.32786933]
836,0.7474363684713894,0.7627905121066083,0.9798710872886774,[0.30147818 0.10807643 0.59044539]
837,0.6897932909597202,0.7141191723696025,0.9659358236676887,[0.28849685 0.52223757 0.18926558]
838,0.6830338927244713,0.6392492420122835,1.0684938641058983,[0.66374456 0.17232654 0.16392891]
839,0.6995789980398238,0.6813657747777758,1.0267304639244437,[0.45837096 0.27459766 0.26703138]
840,0.66463072089541,0.678154359002977,0.9800581712289669,[0.44861656 0.52769091 0.02369254]
841,0.68420177579343,0.6242128882513578,1.0961032504633514,[0.7914776  0.02912141 0.17940098]
842,0.7161949851170127,0.7345202119775949,0.9750514328104819,[0.26023145 0.36872551 0.37104304]
843,0.6746265500592311,0.6221884063252424,1.0842801685163146,[0.77998706 0.10779064 0.1122223 ]
844,0.6954168795050252,0.7583495069051057,0.917013689826325,[0.12150397 0.65978577 0.21871027]
845,0.7343930973529225,0.7906799460809827,0.9288120952010395,[0.09518656 0.41686144 0.48795199]
846,0.7290106402661903,0.7407746155962375,0.9841193595428773,[0.28898213 0.2492913  0.46172657]
847,0.7154774799629556,0.7275375966760728,0.9834233766499263,[0.28891322 0.34337563 0.36771115]
848,0.7840463464993385,0.8566946496866816,0.915199303259437,[0.14717671 0.0169474  0.8358759 ]
849,0.731262599594076,0.7390621588364482,0.9894466802972952,[0.31026183 0.21114181 0.47859635]
850,0.7163612161030587,0.697141355981614,1.0275695308512893,[0.44519307 0.17195293 0.382854  ]
851,0.7338646785642339,0.7751974529734171,0.9466809723759494,[0.15744262 0.35468942 0.48786796]
852,0.7220239260778092,0.7783307901831109,0.9276568975357445,[0.09840874 0.49937914 0.40221212]
853,0.6926476285869853,0.6603655181717433,1.0488852151224017,[0.5542068 0.2213909 0.2244023]
854,0.7139328768349998,0.708365821919655,1.0078590111819035,[0.37399414 0.2641229  0.36188295]
855,0.719754004864155,0.7286596701618404,0.9877780181031462,[0.30114599 0.30073015 0.39812386]
856,0.7305758545615089,0.791379189038497,0.9231678880122405,[0.07688652 0.46273323 0.46038025]
857,0.6814471296917561,0.6351545319143516,1.0728839919285138,[0.68941418 0.15620085 0.15438497]
858,0.721862246312467,0.7148100627302232,1.0098658146407564,[0.38007797 0.20260523 0.41731679]
859,0.7106992512959106,0.6816600307005226,1.0426007383263256,[0.50355811 0.14955755 0.34688435]
860,0.7151067272540442,0.7667572419033533,0.9326377217891091,[0.12356381 0.52082684 0.35560935]
861,0.7141329381409993,0.7702787002489623,0.9271098083202663,[0.10749732 0.54458364 0.34791904]
862,0.7541991396453656,0.7663294116595136,0.9841709429005477,[0.34274397 0.01745392 0.6398021 ]
863,0.7166450742891002,0.6906451690980341,1.0376458221303733,[0.48439715 0.12851829 0.38708456]
864,0.7139163748793718,0.7328865881618143,0.9741157587151068,[0.25948251 0.38534653 0.35517096]
865,0.6858460706853956,0.6743463570389233,1.0170531263740608,[0.46439807 0.36362248 0.17197944]
866,0.7108658525790901,0.70263089385728,1.011720177398694,[0.38986306 0.26864557 0.34149137]
867,0.7493930046594228,0.7711707392124109,0.971760164843353,[0.27291747 0.12469035 0.60239218]
868,0.729121115416015,0.7547296298568176,0.966069287029766,[0.22461156 0.31660301 0.45878543]
869,0.7475606158530299,0.7984288537461561,0.9362895796482592,[0.12981553 0.28876596 0.5814185 ]
870,0.7116041327819259,0.7373848039114119,0.9650376967456692,[0.23287301 0.42955165 0.33757534]
871,0.6627539903787851,0.6207015005009561,1.0677499407426747,[0.78893631 0.18080147 0.03026222]
872,0.695795989871916,0.6370760197350144,1.092171057013456,[0.73564418 0.00762949 0.25672633]
873,0.686769893046351,0.690784499402703,0.9941883375208574,[0.38696877 0.43909516 0.17393607]
874,0.7236766089625426,0.7756999692749451,0.9329336568608746,[0.11416212 0.47123739 0.41460049]
875,0.7163572013689634,0.7957924883251025,0.9001809037889691,[0.01783072 0.62396481 0.35820447]
876,0.7171474420187178,0.7198320892332454,0.9962704535478722,[0.33171648 0.28650554 0.38177798]
877,0.6689757066134052,0.7705228627337913,0.8682100674338202,[0.08609029 0.88091989 0.03298982]
878,0.6898579957250627,0.6968265708771776,0.98999955592488,[0.36309742 0.44288954 0.19401304]
879,0.6661610860831362,0.6093539950222115,1.0932251064651737,[0.90642766 0.03287286 0.06069949]
880,0.6943903294688959,0.728999057589321,0.9525256888055926,[0.23266944 0.5493469  0.21798366]
881,0.6786326121507337,0.6730429293858196,1.0083050909843372,[0.46508343 0.41300771 0.12190885]
882,0.7254973715742273,0.7015379363045466,1.0341527293532984,[0.47916659 0.07255552 0.44827788]
883,0.748608278979683,0.782268891451995,0.956970534249632,[0.21128099 0.19532918 0.59338983]
884,0.6906453469022952,0.6588134105183394,1.0483170741149777,[0.55774604 0.2315571  0.21069686]
885,0.6939154568112673,0.7121405909476115,0.9744079548785545,[0.30156935 0.47977627 0.21865438]
886,0.6961228419955084,0.7048064160930575,0.987679490567517,[0.33705881 0.42690801 0.23603318]
887,0.727169060540421,0.7023515510853526,1.0353348823914712,[0.48726402 0.05237878 0.4603572 ]
888,0.7152465317165388,0.7462773797939339,0.9584191496116853,[0.20648742 0.43215457 0.36135801]
889,0.6998777842681816,0.6652022063303848,1.0521278757162968,[0.55088122 0.174682   0.27443677]
890,0.7095013364455183,0.7236438499814397,0.9804565277017359,[0.28608201 0.38788471 0.32603328]
891,0.7166953642512532,0.7278379224382939,0.9846908798737601,[0.29222953 0.33140792 0.37636255]
892,0.6675336993241903,0.6253229962992778,1.067502240081877,[0.74835862 0.19051354 0.06112785]
893,0.6836042573535548,0.7043210532941251,0.9705861469798789,[0.32543689 0.52616295 0.14840016]
894,0.696173638499494,0.7046521307658663,0.9879678327841608,[0.33783963 0.42572934 0.23643103]
895,0.6707122610539648,0.622506098874546,1.077438859260291,[0.77227851 0.14313488 0.08458661]
896,0.732185202568228,0.7102822121458727,1.0308370251258059,[0.47913249 0.02613291 0.49473459]
897,0.7202453770753652,0.7035631490504678,1.02371105997722,[0.43162449 0.15932095 0.40905456]
898,0.7342737155081076,0.7207676665194718,1.01873842240157,[0.431542   0.06195686 0.50650113]
899,0.7103506715857497,0.6817590803479116,1.0419379690890915,[0.50109198 0.15458725 0.34432077]
900,0.7414250736630063,0.8144579454698735,0.9103294746977594,[0.03081873 0.43608833 0.53309293]
901,0.6881790792125665,0.6774350442708649,1.0158598747327363,[0.45222273 0.36029247 0.18748481]
902,0.7228789495808292,0.6996882042437741,1.033144399457355,[0.47124978 0.09911796 0.42963226]
903,0.670157765412209,0.6786105335793394,0.9875440068362242,[0.44061742 0.49775591 0.06162667]
904,0.7137722405450384,0.7158857111980028,0.9970477541038951,[0.33659944 0.30478793 0.35861263]
905,0.6844941488779045,0.6362530285742508,1.0758206533205115,[0.68933352 0.13511928 0.1755472 ]
906,0.7220827687669418,0.7632941245028501,0.9460085510775416,[0.15876116 0.43514086 0.40609797]
907,0.7605823569443861,0.7939485623869607,0.9579743486879542,[0.24862965 0.07264786 0.67872249]
908,0.6918557573247954,0.6789601669995029,1.0189931470976883,[0.45102781 0.33601527 0.21295692]
909,0.7160825553211022,0.7248750212747485,0.9878703697939764,[0.30347754 0.32376891 0.37275355]
910,0.6999183932116497,0.6848839212161736,1.0219518542190023,[0.4411129  0.29049231 0.26839479]
911,0.7265732840608841,0.7736456494698244,0.9391551346004482,[0.13284168 0.43135917 0.43579915]
912,0.7101456498260813,0.7656222597007352,0.9275404951048074,[0.11614404 0.56313745 0.32071852]
913,0.7332529329743627,0.8136742307471521,0.901162781450086,[0.00080434 0.52460175 0.47459391]
914,0.7308947583613034,0.7457643959411983,0.9800612128162427,[0.27534209 0.25062869 0.47402922]
915,0.7157647392542451,0.7146397122718375,1.0015742575777535,[0.35090771 0.27581393 0.37327836]
916,0.7326532625745545,0.7524827291168067,0.9736479446305351,[0.25316279 0.26186992 0.48496729]
917,0.7486234333181578,0.8062414263940652,0.9285350625883797,[0.10190934 0.31089679 0.58719387]
918,0.7027391485689236,0.7012284528377433,1.002154356009182,[0.36878347 0.34739378 0.28382275]
919,0.7283699113765697,0.7731424651056866,0.9420901635211608,[0.14195928 0.40923556 0.44880516]
920,0.6842472119784853,0.7051259310528578,0.9703900847282733,[0.32231484 0.52499843 0.15268673]
921,0.7183879419686655,0.709774098556835,1.0121360351544875,[0.38786076 0.21850918 0.39363007]
922,0.7725858571050174,0.8474269030587995,0.91168436394497,[0.08484961 0.16247847 0.75267192]
923,0.7249014415494406,0.7709369267339373,0.9402863144984825,[0.1376428  0.43789531 0.42446189]
924,0.7160194582557565,0.7035348928744678,1.0177454814362936,[0.4085958  0.21303278 0.37837142]
925,0.6901762667598386,0.7619586236762462,0.9057923164251662,[0.10526476 0.71336578 0.18136946]
926,0.659674626037869,0.6424247834932555,1.026851147383847,[6.41248422e-01 3.58389673e-01 3.61905281e-04]
927,0.7415669270496732,0.7347437005549663,1.0092865396321917,[0.41070252 0.03333288 0.55596461]
928,0.6685279235111428,0.6278928169613816,1.0647166290998682,[0.72851931 0.20458922 0.06689147]
929,0.6666914546819985,0.6846989407278828,0.9737001403467324,[0.41647485 0.54736899 0.03615616]
930,0.7258852576137109,0.7373339570945296,0.9844728438577108,[0.28907499 0.27090434 0.44002068]
931,0.7048152014747721,0.6908549636129692,1.0202071905060868,[0.42660075 0.27182366 0.30157559]
932,0.7419016419434991,0.754003123288522,0.9839503564756558,[0.30497151 0.14283018 0.55219831]
933,0.6892837846256582,0.7135656833659932,0.9659710390979093,[0.29034164 0.52382591 0.18583246]
934,0.7093339237258417,0.6652420777438346,1.0662794003222773,[0.60214829 0.05477187 0.34307984]
935,0.7183422450433349,0.773032264168767,0.9292526047612777,[0.10802431 0.5147853  0.37719039]
936,0.7180046034326477,0.6948367901178186,1.033342813225104,[0.46798227 0.13643458 0.39558315]
937,0.7330986157875079,0.7766994797945299,0.9438639201631032,[0.14746181 0.3705669  0.48197129]
938,0.7271811981090431,0.7962767746310351,0.9132266835812105,[0.0458098  0.51918219 0.435008  ]
939,0.7379215905759783,0.7558717734405018,0.9762523439884259,[0.26814668 0.20942501 0.5224283 ]
940,0.7206971887686228,0.7487207296072925,0.9625714372121522,[0.21493535 0.38535558 0.39970906]
941,0.6779361474883279,0.7383333566351842,0.9181979134437251,[0.19176218 0.70691399 0.10132382]
942,0.7036294245013827,0.73948543085512,0.9515122207177571,[0.20496437 0.51446648 0.28056915]
943,0.6878319598707422,0.6717211512763208,1.023984369948467,[0.48064103 0.33264825 0.18671072]
944,0.6865531156098044,0.6841911383421774,1.0034522184449073,[0.41735035 0.40846911 0.17418054]
945,0.6831721183004207,0.7480629778451521,0.9132548174865517,[0.15451454 0.70993462 0.13555084]
946,0.6922469646546744,0.7041317362407112,0.983121380596352,[0.33384366 0.45723314 0.2089232 ]
947,0.6858036001525906,0.6269051678936232,1.0939511034130789,[0.77277156 0.0377777  0.18945074]
948,0.6855364123527582,0.6985918390501675,0.9813117961481486,[0.35109969 0.48559945 0.16330086]
949,0.6951142643849377,0.7424326786824293,0.9362657172075641,[0.18088405 0.5990868  0.22002914]
950,0.6937392382499731,0.7159984442365969,0.9689116559319388,[0.28503729 0.49848494 0.21647777]
951,0.6884555803921757,0.6655134888342824,1.034472767183245,[0.51469681 0.29229827 0.19300491]
952,0.7285961725607634,0.7305805277397146,0.9972838652227832,[0.33721899 0.20115457 0.46162644]
953,0.7290914099422963,0.7807185049738802,0.9338723308046718,[0.11380374 0.43400116 0.4521951 ]
954,0.692910704849898,0.6997432230993152,0.9902356778545786,[0.35427193 0.4310171  0.21471097]
955,0.7026956496414896,0.6701630587690114,1.0485442914926342,[0.53292541 0.1740973  0.29297728]
956,0.7381646139733751,0.7812564816674937,0.9448428669645793,[0.15261863 0.32992077 0.5174606 ]
957,0.6809003217595171,0.6749019672339094,1.008887741948941,[0.45706835 0.40573136 0.13720029]
958,0.6819030425991559,0.65583463441601,1.039748446963858,[0.55787125 0.29215525 0.1499735 ]
959,0.7008519880964028,0.783605659288249,0.8943937295360889,[0.03607912 0.71237587 0.25154501]
960,0.7245799380696403,0.747849740204679,0.9688843882881205,[0.23455396 0.33763421 0.42781183]
961,0.6854810345536981,0.6869329395574791,0.9978863948426809,[0.40343601 0.43063257 0.16593142]
962,0.792129334122896,0.899917140506894,0.8802247434432856,[0.00987103 0.1060132  0.88411578]
963,0.7177587826897243,0.7636288606545442,0.9399314505668338,[0.14333464 0.4814938  0.37517156]
964,0.7236173708164347,0.7818104730199248,0.9255662283741152,[0.08991572 0.49729221 0.41279207]
965,0.6657767937561457,0.6870875048896997,0.9689839926037149,[0.40707685 0.56366235 0.02926079]
966,0.7388915887604476,0.7672771007966103,0.963004875283399,[0.21954494 0.25408852 0.52636654]
967,0.7326964361289042,0.7634552040303011,0.9597111032330116,[0.20311119 0.31450523 0.48238358]
968,0.7259948283240985,0.7886664549956229,0.9205346870346194,[0.07110806 0.50066784 0.4282241 ]
969,0.7197077418288743,0.7817544162975119,0.9206315011784667,[0.0783209  0.53671425 0.38496485]
970,0.7298699437487987,0.7555330553267943,0.9660331055047017,[0.22462964 0.31138196 0.4639884 ]
971,0.7210672387540846,0.6995639226543653,1.0307381718858928,[0.45968461 0.12393494 0.41638045]
972,0.7312761362532464,0.7751147678360533,0.9434423992395417,[0.14597897 0.38479547 0.46922556]
973,0.7676178336055801,0.857464723496469,0.8952179752369034,[0.00200113 0.28461171 0.71338716]
974,0.7172976123617667,0.7117363905850559,1.0078135976328813,[0.37238035 0.2424557  0.38516395]
975,0.747348458296296,0.8146445635886809,0.9173920648338567,[0.05918693 0.3649375  0.57587557]
976,0.7087279410317107,0.7295133454439091,0.9715078489762918,[0.25824266 0.42270055 0.31905678]
977,0.6668037379109857,0.694258452016421,0.9604546202848591,[0.3748563  0.59060531 0.03453839]
978,0.718011982483562,0.739487600351049,0.9709587857087907,[0.24499968 0.37221261 0.38278771]
979,0.6862770053097573,0.6418322666218217,1.0692466567968968,[0.65424067 0.15984889 0.18591044]
980,0.7049669922375277,0.7173008237639162,0.9828052176746865,[0.3013167  0.40327125 0.29541205]
981,0.7053147958896273,0.6806472740460594,1.0362412703086779,[0.48340423 0.208277   0.30831877]
982,0.7055298465530241,0.7140073691482508,0.9881268415964114,[0.31756522 0.3821766  0.30025818]
983,0.7259596034789442,0.7399925618888967,0.981036352076118,[0.27688264 0.28328266 0.4398347 ]
984,0.7576258538707428,0.818511586566278,0.9256140857443989,[0.10480789 0.2452937  0.64989841]
985,0.6672962528507764,0.631737278764997,1.0562875981536104,[0.7009845 0.2422665 0.056749 ]
986,0.7152314840650602,0.6891798216434195,1.0378009651523428,[0.48456375 0.13816195 0.3772743 ]
987,0.7206008671419297,0.7862601344817672,0.9164916743704495,[0.06372027 0.54595174 0.39032798]
988,0.7197196837557469,0.7172061296835863,1.003504646667297,[0.35657446 0.24234669 0.40107884]
989,0.6782782610034436,0.7924107673352028,0.8559680016520027,[0.00360273 0.90353731 0.09285996]
990,0.7609698814047422,0.8075294054925437,0.9423432462383174,[0.18189243 0.14053798 0.67756959]
991,0.7121940936749879,0.7658118444172638,0.929985738490274,[0.11999323 0.54483647 0.3351703 ]
992,0.6751731082428508,0.678564633538179,0.9950019126731613,[0.43847196 0.46518466 0.09634338]
993,0.7480018895856818,0.791392622435685,0.9451716738065379,[0.16424786 0.24928447 0.58646767]
994,0.708847515356304,0.7216944578155463,0.9821989176719911,[0.29275873 0.38536526 0.32187601]
995,0.7106675710658548,0.7108188049951083,0.9997872398307547,[0.34893747 0.31330642 0.33775611]
996,0.6905177133659907,0.6951064868471052,0.9933984597066149,[0.3717194  0.42918793 0.19909267]
997,0.7160636333765559,0.7514459288336378,0.9529143826595736,[0.18757219 0.44648336 0.36594445]
998,0.6804736391167682,0.6572603139826747,1.0353183124558853,[0.54824906 0.31226151 0.13948943]
999,0.6758553353157011,0.6862917255838689,0.9847930699451622,[0.40299073 0.4979708  0.09903846]
